-1,0,0,1,1,1,1,0.0833333333333,0.0555555555556,0.0666666666667,0.136363636364,0.111111111111,0.3,0.0869565217391,14,1,1,1,0,1,1,1,0.4,0.173913043478,0.181818181818,0.0,0.0588235294118,0.2,0.2,22,8,2.5,3.4,2.75,-1
1,-1,-1,1,1,-1,0,0.454545454545,0.142857142857,0.0,0.130434782609,0.166666666667,0.142857142857,0.142857142857,13,-1,-1,0,1,-1,0,-1,0.0,0.142857142857,0.0769230769231,0.117647058824,0.125,0.0526315789474,0.0,5,8,1.8,3.6,4.5,1
-1,1,1,1,1,-1,1,0.0,0.15,0.166666666667,0.235294117647,0.25,0.133333333333,0.25,18,0,0,0,0,-1,1,0,0.166666666667,0.0,0.125,0.25,0.0,0.2,0.0,8,8,1.29,5.5,11,1
1,1,0,-1,-1,-1,0,0.416666666667,0.3,0.142857142857,0.0,0.0,0.0,0.08,11,-1,1,0,-1,-1,-1,0,0.0,0.166666666667,0.222222222222,0.0,0.0555555555556,0.0,0.2,5,8,2.1,3.4,3.5,1
1,0,1,-1,1,0,1,0.2,0.1,0.142857142857,0.0,0.111111111111,0.0714285714286,0.230769230769,14,1,0,1,0,0,1,1,0.15,0.181818181818,0.157894736842,0.0666666666667,0.0714285714286,0.0952380952381,0.115384615385,18,8,5,3.75,1.7,-1
1,-1,1,0,0,1,-1,0.125,0.0,0.176470588235,0.0,0.05,0.117647058824,0.142857142857,14,-1,-1,-1,-1,1,-1,0,0.222222222222,0.0,0.133333333333,0.111111111111,0.333333333333,0.125,0.153846153846,4,8,1.83,3.75,4.2,1
-1,0,0,0,-1,-1,-1,0.0,0.0769230769231,0.1,0.0,0.0,0.2,0.142857142857,6,0,0,1,1,0,-1,1,0.0,0.0,0.181818181818,0.3,0.1,0.0714285714286,0.15,12,8,6,4.2,1.53,1
-1,0,-1,0,-1,-1,-1,0.0,0.166666666667,0.111111111111,0.0,0.111111111111,0.0769230769231,0.153846153846,3,1,1,-1,0,1,1,0,0.0625,0.157894736842,0.0,0.117647058824,0.1,0.176470588235,0.125,15,8,3.25,3.4,2.2,0
-1,0,1,-1,0,-1,-1,0.142857142857,0.0769230769231,0.117647058824,0.125,0.0526315789474,0.0,0.0,6,0,0,0,-1,-1,-1,1,0.0769230769231,0.1,0.0,0.0,0.2,0.142857142857,0.142857142857,7,9,2,3.5,3.75,0
0,1,1,0,-1,1,-1,0.0,0.181818181818,0.3,0.1,0.0714285714286,0.15,0.0,15,0,-1,0,-1,-1,-1,0,0.166666666667,0.111111111111,0.0,0.111111111111,0.0769230769231,0.153846153846,0.0714285714286,3,9,1.36,5,8.5,1
0,-1,-1,-1,0,0,-1,0.111111111111,0.285714285714,0.25,0.0,0.142857142857,0.25,0.0,4,-1,-1,1,1,-1,0,1,0.142857142857,0.0,0.130434782609,0.166666666667,0.142857142857,0.142857142857,0.0588235294118,14,8,2.75,3.4,2.5,0
0,0,0,-1,1,0,-1,0.0,0.125,0.25,0.0,0.2,0.0,0.25,9,0,0,0,0,1,-1,0,0.0,0.5,0.166666666667,0.25,0.0909090909091,0.0,0.0625,9,9,1.95,3.3,4.2,0
1,0,-1,-1,-1,0,-1,0.166666666667,0.222222222222,0.0,0.0555555555556,0.0,0.2,0.1,8,-1,1,0,0,1,-1,1,0.0,0.176470588235,0.0,0.05,0.117647058824,0.142857142857,0.444444444444,14,9,2.25,3.4,3.2,1
0,1,0,0,1,1,1,0.181818181818,0.157894736842,0.0666666666667,0.0714285714286,0.0952380952381,0.115384615385,0.0952380952381,21,1,0,-1,-1,-1,0,1,0.3,0.142857142857,0.0,0.0,0.0,0.08,0.111111111111,11,9,1.22,6,15,1
1,-1,0,1,1,0,0,0.157894736842,0.0,0.117647058824,0.1,0.176470588235,0.125,0.1,16,0,-1,0,-1,1,0,1,0.133333333333,0.0,0.05,0.0769230769231,0.5,0.0,0.0434782608696,10,9,2.6,3.3,2.75,0
-1,0,0,1,0,-1,0,0.0,0.0625,0.181818181818,0.0625,0.25,0.0,0.1,13,0,1,-1,1,0,1,-1,0.1,0.142857142857,0.0,0.111111111111,0.0714285714286,0.230769230769,0.0625,14,9,2,3.5,3.75,1
-1,-1,-1,1,-1,0,-1,0.0,0.133333333333,0.111111111111,0.333333333333,0.125,0.153846153846,0.0909090909091,4,0,0,1,1,1,1,-1,0.0555555555556,0.0666666666667,0.136363636364,0.111111111111,0.3,0.0869565217391,0.0869565217391,17,9,4.2,3.75,1.83,-1
1,1,0,1,1,1,1,0.173913043478,0.181818181818,0.0,0.0588235294118,0.2,0.2,0.363636363636,22,1,1,1,1,-1,1,1,0.15,0.166666666667,0.235294117647,0.25,0.133333333333,0.25,0.307692307692,21,9,2.4,3.4,2.9,-1
1,1,1,-1,1,1,1,0.166666666667,0.235294117647,0.25,0.133333333333,0.25,0.307692307692,0.2,24,1,1,0,-1,1,-1,1,0.181818181818,0.3,0.1,0.0714285714286,0.15,0.0,0.047619047619,15,10,1.7,3.8,5,1
-1,1,1,-1,0,1,0,0.0,0.130434782609,0.166666666667,0.142857142857,0.142857142857,0.0588235294118,0.1875,15,-1,0,1,1,0,0,0,0.0,0.117647058824,0.1,0.176470588235,0.125,0.1,0.117647058824,17,10,2.75,3.4,2.5,0
0,0,-1,-1,-1,1,0,0.1,0.0,0.0,0.2,0.142857142857,0.142857142857,0.0714285714286,10,0,0,-1,1,0,-1,0,0.125,0.25,0.0,0.2,0.0,0.25,0.0,9,10,2.6,3.3,2.75,1
0,0,0,1,-1,0,0,0.5,0.166666666667,0.25,0.0909090909091,0.0,0.0625,0.0,9,0,1,-1,0,-1,-1,0,0.0769230769231,0.117647058824,0.125,0.0526315789474,0.0,0.0,0.142857142857,9,9,2.1,3.3,3.6,-1
0,-1,-1,-1,0,1,-1,0.142857142857,0.0,0.0,0.0,0.08,0.111111111111,0.0,12,1,0,1,1,1,1,-1,0.181818181818,0.0,0.0588235294118,0.2,0.2,0.363636363636,0.142857142857,23,10,4.5,3.6,1.8,0
0,1,1,1,1,-1,1,0.0666666666667,0.136363636364,0.111111111111,0.3,0.0869565217391,0.0869565217391,0.181818181818,17,0,-1,-1,-1,0,-1,1,0.222222222222,0.0,0.0555555555556,0.0,0.2,0.1,0.117647058824,11,10,1.5,4.33,6.5,-1
1,0,0,1,-1,1,-1,0.176470588235,0.0,0.05,0.117647058824,0.142857142857,0.444444444444,0.0666666666667,15,1,0,0,1,1,1,1,0.157894736842,0.0666666666667,0.0714285714286,0.0952380952381,0.115384615385,0.0952380952381,0.1,22,10,5,3.8,1.7,0
-1,0,-1,-1,-1,0,-1,0.111111111111,0.0,0.111111111111,0.0769230769231,0.153846153846,0.0714285714286,0.0,4,-1,-1,-1,0,0,-1,0,0.285714285714,0.25,0.0,0.142857142857,0.25,0.0,0.2,5,10,1.8,3.6,4.5,0
-1,0,-1,1,0,1,0,0.0,0.05,0.0769230769231,0.5,0.0,0.0434782608696,0.166666666667,11,0,0,1,0,-1,0,1,0.0625,0.181818181818,0.0625,0.25,0.0,0.1,0.2,14,10,1.57,4,6,0
1,-1,1,0,1,-1,-1,0.142857142857,0.0,0.111111111111,0.0714285714286,0.230769230769,0.0625,0.125,17,-1,-1,1,-1,0,-1,-1,0.133333333333,0.111111111111,0.333333333333,0.125,0.153846153846,0.0909090909091,0.0909090909091,4,10,1.73,3.75,4.75,1
1,0,-1,1,-1,1,-1,0.3,0.1,0.0714285714286,0.15,0.0,0.047619047619,0.142857142857,16,1,1,-1,0,1,0,0,0.130434782609,0.166666666667,0.142857142857,0.142857142857,0.0588235294118,0.1875,0.25,16,11,1.53,4.2,6,0
0,1,1,0,0,0,0,0.117647058824,0.1,0.176470588235,0.125,0.1,0.117647058824,0.0769230769231,20,0,0,1,-1,0,0,-1,0.166666666667,0.25,0.0909090909091,0.0,0.0625,0.0,0.0,9,11,1.44,4.2,8,1
-1,-1,0,0,-1,0,0,0.25,0.0,0.142857142857,0.25,0.0,0.2,0.0555555555556,6,0,-1,-1,-1,1,0,1,0.0,0.0,0.2,0.142857142857,0.142857142857,0.0714285714286,0.0833333333333,11,10,2.25,3.4,3.2,0
-1,1,-1,0,-1,-1,-1,0.111111111111,0.333333333333,0.125,0.153846153846,0.0909090909091,0.0909090909091,0.0,5,-1,-1,-1,0,1,-1,0,0.0,0.0,0.0,0.08,0.111111111111,0.0,0.111111111111,13,11,2.38,3.5,2.88,0
0,-1,1,0,-1,0,-1,0.25,0.0,0.2,0.0,0.25,0.0,0.0,12,0,-1,-1,-1,0,-1,0,0.0,0.111111111111,0.0769230769231,0.153846153846,0.0714285714286,0.0,0.0434782608696,4,11,1.91,3.4,4.2,1
-1,-1,-1,0,-1,1,1,0.0,0.0555555555556,0.0,0.2,0.1,0.117647058824,0.142857142857,11,-1,1,0,1,-1,-1,1,0.0,0.111111111111,0.0714285714286,0.230769230769,0.0625,0.125,0.125,20,11,2.3,3.4,3.1,-1
1,-1,0,-1,-1,0,1,0.117647058824,0.125,0.0526315789474,0.0,0.0,0.142857142857,0.111111111111,9,1,1,-1,1,1,1,1,0.235294117647,0.25,0.133333333333,0.25,0.307692307692,0.2,0.181818181818,27,11,7,4.5,1.44,-1
0,0,1,1,1,1,0,0.0666666666667,0.0714285714286,0.0952380952381,0.115384615385,0.0952380952381,0.1,0.0,25,1,1,1,1,-1,1,-1,0.136363636364,0.111111111111,0.3,0.0869565217391,0.0869565217391,0.181818181818,0.0,17,11,1.57,4,6,1
0,1,0,-1,0,1,0,0.181818181818,0.0625,0.25,0.0,0.1,0.2,0.1,14,0,0,1,-1,1,-1,0,0.0,0.05,0.117647058824,0.142857142857,0.444444444444,0.0666666666667,0.0,18,11,1.95,3.6,3.8,-1
0,1,1,1,1,-1,0,0.0,0.0588235294118,0.2,0.2,0.363636363636,0.142857142857,0.0909090909091,24,0,-1,1,0,1,0,0,0.05,0.0769230769231,0.5,0.0,0.0434782608696,0.166666666667,0.05,12,11,1.95,3.5,4,0
0,-1,1,-1,1,-1,0,0.1,0.0714285714286,0.15,0.0,0.047619047619,0.142857142857,0.2,19,1,1,1,-1,1,-1,-1,0.111111111111,0.3,0.0869565217391,0.0869565217391,0.181818181818,0.0,0.166666666667,17,12,1.91,3.75,3.8,1
-1,1,0,1,0,0,0,0.0769230769231,0.5,0.0,0.0434782608696,0.166666666667,0.05,0.111111111111,15,-1,-1,0,-1,1,1,-1,0.0555555555556,0.0,0.2,0.1,0.117647058824,0.142857142857,0.0714285714286,11,12,1.44,4.33,7.5,1
0,1,1,1,1,0,1,0.0714285714286,0.0952380952381,0.115384615385,0.0952380952381,0.1,0.0,0.125,28,-1,0,-1,-1,0,1,-1,0.125,0.0526315789474,0.0,0.0,0.142857142857,0.111111111111,0.2,9,12,1.2,6.5,15,1
1,0,-1,0,1,0,-1,0.0625,0.25,0.0,0.1,0.2,0.1,0.0,14,-1,-1,0,1,-1,0,0,0.0,0.0,0.08,0.111111111111,0.0,0.111111111111,0.2,16,12,1.91,3.6,4,-1
-1,-1,-1,0,-1,0,-1,0.111111111111,0.0769230769231,0.153846153846,0.0714285714286,0.0,0.0434782608696,0.0,4,1,-1,0,-1,-1,-1,0,0.333333333333,0.125,0.153846153846,0.0909090909091,0.0909090909091,0.0,0.0909090909091,8,12,1.91,3.6,4,-1
-1,0,0,-1,0,0,0,0.0,0.142857142857,0.25,0.0,0.2,0.0555555555556,0.0,9,1,1,0,0,0,0,1,0.1,0.176470588235,0.125,0.1,0.117647058824,0.0769230769231,0.125,20,11,4.33,3.6,1.83,1
1,0,1,-1,-1,1,1,0.111111111111,0.0714285714286,0.230769230769,0.0625,0.125,0.125,0.285714285714,23,1,1,1,1,-1,0,0,0.0588235294118,0.2,0.2,0.363636363636,0.142857142857,0.0909090909091,0.0833333333333,24,12,3.75,3.5,2,1
-1,-1,-1,1,0,1,0,0.0,0.2,0.142857142857,0.142857142857,0.0714285714286,0.0833333333333,0.0,14,1,-1,1,1,1,1,1,0.25,0.133333333333,0.25,0.307692307692,0.2,0.181818181818,0.1875,27,12,7,4.5,1.44,1
1,-1,0,1,0,0,0,0.166666666667,0.142857142857,0.142857142857,0.0588235294118,0.1875,0.25,0.333333333333,16,0,1,-1,0,0,-1,-1,0.25,0.0909090909091,0.0,0.0625,0.0,0.0,0.166666666667,12,12,1.67,3.75,5.25,-1
0,1,-1,1,-1,0,1,0.05,0.117647058824,0.142857142857,0.444444444444,0.0666666666667,0.0,0.1,19,-1,1,0,-1,0,-1,1,0.0,0.2,0.0,0.25,0.0,0.0,0.1,13,12,2,3.4,3.8,0
1,-1,0,0,-1,-1,1,0.0909090909091,0.0,0.0625,0.0,0.0,0.166666666667,0.25,12,0,1,-1,-1,1,1,1,0.0714285714286,0.230769230769,0.0625,0.125,0.125,0.285714285714,0.25,26,12,2.5,3.3,2.88,-1
1,0,0,0,0,1,-1,0.176470588235,0.125,0.1,0.117647058824,0.0769230769231,0.125,0.047619047619,21,-1,-1,1,0,1,0,1,0.2,0.142857142857,0.142857142857,0.0714285714286,0.0833333333333,0.0,0.1,15,13,1.44,4.33,7.5,0
-1,1,1,1,1,1,-1,0.133333333333,0.25,0.307692307692,0.2,0.181818181818,0.1875,0.0,30,-1,-1,0,-1,0,-1,-1,0.0769230769231,0.153846153846,0.0714285714286,0.0,0.0434782608696,0.0,0.0769230769231,4,13,1.17,7.5,15,1
1,0,-1,0,-1,1,0,0.2,0.0,0.25,0.0,0.0,0.1,0.0833333333333,16,-1,0,1,0,0,0,-1,0.142857142857,0.142857142857,0.0588235294118,0.1875,0.25,0.333333333333,0.0555555555556,16,13,2.2,3.3,3.4,1
-1,0,-1,1,1,-1,-1,0.0,0.2,0.1,0.117647058824,0.142857142857,0.0714285714286,0.0,14,0,0,-1,0,0,0,1,0.142857142857,0.25,0.0,0.2,0.0555555555556,0.0,0.166666666667,9,13,1.83,3.6,4.33,1
0,-1,-1,0,1,-1,-1,0.0526315789474,0.0,0.0,0.142857142857,0.111111111111,0.2,0.0,10,-1,1,-1,1,-1,0,1,0.0714285714286,0.15,0.0,0.047619047619,0.142857142857,0.2,0.384615384615,20,13,4.75,3.75,1.73,0
-1,0,1,-1,0,0,1,0.0,0.08,0.111111111111,0.0,0.111111111111,0.2,0.133333333333,17,1,0,1,0,0,0,1,0.5,0.0,0.0434782608696,0.166666666667,0.05,0.111111111111,0.136363636364,16,13,3.4,3.5,2.1,0
-1,0,-1,-1,-1,0,1,0.125,0.153846153846,0.0909090909091,0.0909090909091,0.0,0.0909090909091,0.142857142857,11,0,-1,0,1,0,-1,-1,0.25,0.0,0.1,0.2,0.1,0.0,0.037037037037,14,13,2.3,3.5,3,1
1,1,1,-1,0,0,-1,0.2,0.2,0.363636363636,0.142857142857,0.0909090909091,0.0833333333333,0.0526315789474,25,1,1,1,1,0,1,1,0.0952380952381,0.115384615385,0.0952380952381,0.1,0.0,0.125,0.238095238095,29,13,2.5,3.5,2.7,0
1,1,-1,1,-1,-1,-1,0.3,0.0869565217391,0.0869565217391,0.181818181818,0.0,0.166666666667,0.333333333333,20,1,-1,1,-1,0,1,0,0.117647058824,0.142857142857,0.444444444444,0.0666666666667,0.0,0.1,0.0625,19,13,1.67,3.75,5.5,1
-1,0,0,-1,-1,1,-1,0.0,0.0625,0.0,0.0,0.166666666667,0.25,0.105263157895,13,-1,0,-1,0,-1,-1,-1,0.153846153846,0.0714285714286,0.0,0.0434782608696,0.0,0.0769230769231,0.1,5,13,2.25,3.25,3.3,0
-1,-1,0,1,-1,-1,0,0.0,0.0,0.142857142857,0.111111111111,0.2,0.0,0.0,13,0,-1,0,0,0,1,-1,0.25,0.0,0.2,0.0555555555556,0.0,0.166666666667,0.125,9,14,1.95,3.4,4,1
0,-1,-1,-1,0,1,1,0.153846153846,0.0909090909091,0.0909090909091,0.0,0.0909090909091,0.142857142857,0.117647058824,12,-1,1,0,1,0,1,0,0.142857142857,0.142857142857,0.0714285714286,0.0833333333333,0.0,0.1,0.125,16,14,2,3.4,3.8,0
0,-1,0,-1,1,0,1,0.0,0.25,0.0,0.0,0.1,0.0833333333333,0.0833333333333,19,-1,0,1,0,-1,-1,-1,0.0,0.1,0.2,0.1,0.0,0.037037037037,0.0,14,14,1.91,3.4,4.2,1
0,1,-1,0,0,1,0,0.08,0.111111111111,0.0,0.111111111111,0.2,0.133333333333,0.0,20,1,-1,-1,1,1,1,1,0.230769230769,0.0625,0.125,0.125,0.285714285714,0.25,0.363636363636,26,14,2.3,3.4,3.1,1
1,-1,1,-1,-1,-1,1,0.0869565217391,0.0869565217391,0.181818181818,0.0,0.166666666667,0.333333333333,0.12,23,0,1,0,0,0,1,0,0.0,0.0434782608696,0.166666666667,0.05,0.111111111111,0.136363636364,0.0,16,14,2.4,3.4,2.88,1
1,1,-1,0,0,-1,0,0.2,0.363636363636,0.142857142857,0.0909090909091,0.0833333333333,0.0526315789474,0.0,26,0,1,0,0,0,-1,-1,0.142857142857,0.0588235294118,0.1875,0.25,0.333333333333,0.0555555555556,0.0,17,14,1.44,4.5,7,0
0,0,0,0,1,-1,0,0.125,0.1,0.117647058824,0.0769230769231,0.125,0.047619047619,0.0714285714286,22,1,-1,1,-1,0,1,0,0.15,0.0,0.047619047619,0.142857142857,0.2,0.384615384615,0.0,21,14,2.5,3.4,2.75,0
1,1,1,1,1,-1,1,0.25,0.307692307692,0.2,0.181818181818,0.1875,0.0,0.2,33,-1,1,-1,0,1,0,-1,0.142857142857,0.444444444444,0.0666666666667,0.0,0.1,0.0625,0.1,19,14,1.22,6.5,12,1
0,-1,1,1,-1,-1,1,0.2,0.1,0.117647058824,0.142857142857,0.0714285714286,0.0,0.157894736842,14,1,1,1,0,1,1,0,0.115384615385,0.0952380952381,0.1,0.0,0.125,0.238095238095,0.0,32,14,6,4.2,1.53,-1
1,-1,0,1,0,-1,-1,0.444444444444,0.0666666666667,0.0,0.1,0.0625,0.1,0.0,22,1,-1,0,0,-1,0,0,0.363636363636,0.142857142857,0.0909090909091,0.0833333333333,0.0526315789474,0.0,0.0,26,15,4,3.5,1.91,1
-1,1,-1,0,1,0,0,0.0,0.047619047619,0.142857142857,0.2,0.384615384615,0.0,0.0833333333333,21,1,-1,0,0,1,0,1,0.111111111111,0.0,0.111111111111,0.2,0.133333333333,0.0,0.230769230769,23,15,1.44,4.5,7,-1
1,0,0,0,-1,-1,0,0.0588235294118,0.1875,0.25,0.333333333333,0.0555555555556,0.0,0.0,17,-1,1,-1,-1,-1,1,1,0.0869565217391,0.181818181818,0.0,0.166666666667,0.333333333333,0.12,0.142857142857,26,15,2.88,3.3,2.5,-1
1,0,0,0,1,0,-1,0.0434782608696,0.166666666667,0.05,0.111111111111,0.136363636364,0.0,0.0714285714286,19,-1,-1,-1,0,1,1,0,0.0909090909091,0.0909090909091,0.0,0.0909090909091,0.142857142857,0.117647058824,0.125,12,15,1.4,4.5,8.5,1
1,1,0,1,1,0,1,0.0952380952381,0.1,0.0,0.125,0.238095238095,0.0,0.133333333333,33,0,0,0,1,-1,0,0,0.1,0.117647058824,0.0769230769231,0.125,0.047619047619,0.0714285714286,0.0714285714286,23,15,1.5,4,7,0
0,-1,0,-1,-1,-1,0,0.0714285714286,0.0,0.0434782608696,0.0,0.0769230769231,0.1,0.0,6,-1,0,1,-1,-1,0,1,0.0,0.142857142857,0.111111111111,0.2,0.0,0.0,0.0666666666667,14,15,1.95,3.5,4,0
-1,-1,1,1,1,1,-1,0.0625,0.125,0.125,0.285714285714,0.25,0.363636363636,0.166666666667,26,-1,0,-1,1,0,1,1,0.25,0.0,0.0,0.1,0.0833333333333,0.0833333333333,0.181818181818,22,15,2.1,3.25,3.75,-1
-1,0,0,0,1,-1,-1,0.0,0.2,0.0555555555556,0.0,0.166666666667,0.125,0.0,9,1,1,1,1,-1,1,1,0.307692307692,0.2,0.181818181818,0.1875,0.0,0.2,0.0434782608696,36,14,7.5,4.75,1.4,-1
1,0,1,0,1,0,0,0.142857142857,0.0714285714286,0.0833333333333,0.0,0.1,0.125,0.111111111111,19,0,0,-1,-1,1,-1,0,0.0625,0.0,0.0,0.166666666667,0.25,0.105263157895,0.0,13,15,2.1,3.3,3.6,1
0,1,0,-1,-1,-1,-1,0.1,0.2,0.1,0.0,0.037037037037,0.0,0.142857142857,17,-1,1,1,-1,-1,1,-1,0.1,0.117647058824,0.142857142857,0.0714285714286,0.0,0.157894736842,0.0,14,15,2,3.4,3.75,1
1,-1,0,1,0,0,-1,0.047619047619,0.142857142857,0.2,0.384615384615,0.0,0.0833333333333,0.0,24,-1,1,1,1,1,-1,-1,0.125,0.125,0.285714285714,0.25,0.363636363636,0.166666666667,0.0,26,16,1.5,4.33,6.5,1
0,1,-1,-1,0,1,0,0.142857142857,0.111111111111,0.2,0.0,0.0,0.0666666666667,0.142857142857,15,0,-1,1,0,1,1,1,0.0,0.0,0.1,0.0833333333333,0.0833333333333,0.181818181818,0.166666666667,23,16,2.4,3.2,3.1,0
-1,-1,0,1,1,0,-1,0.0909090909091,0.0,0.0909090909091,0.142857142857,0.117647058824,0.125,0.0,15,0,0,0,1,-1,-1,-1,0.2,0.0555555555556,0.0,0.166666666667,0.125,0.0,0.3,9,16,1.91,3.6,4,1
0,-1,-1,1,-1,0,-1,0.0,0.0,0.166666666667,0.25,0.105263157895,0.0,0.0625,13,-1,0,0,-1,0,0,-1,0.142857142857,0.0909090909091,0.0833333333333,0.0526315789474,0.0,0.0,0.0625,29,15,4.75,3.5,1.8,-1
-1,0,0,1,0,1,1,0.0,0.111111111111,0.2,0.133333333333,0.0,0.230769230769,0.166666666667,23,0,1,0,1,0,0,1,0.0714285714286,0.0833333333333,0.0,0.1,0.125,0.111111111111,0.285714285714,22,16,1.8,3.6,4.5,-1
1,1,-1,-1,1,-1,-1,0.117647058824,0.142857142857,0.0714285714286,0.0,0.157894736842,0.0,0.0,15,-1,0,-1,-1,-1,0,0,0.0,0.0434782608696,0.0,0.0769230769231,0.1,0.0,0.0588235294118,7,16,2.3,3.4,3.1,0
1,0,1,1,0,1,0,0.1,0.0,0.125,0.238095238095,0.0,0.133333333333,0.111111111111,33,1,1,1,-1,1,1,1,0.2,0.181818181818,0.1875,0.0,0.2,0.0434782608696,0.4,39,16,2.2,3.5,3.2,-1
0,0,1,-1,0,0,0,0.117647058824,0.0769230769231,0.125,0.047619047619,0.0714285714286,0.0714285714286,0.125,26,1,-1,-1,-1,1,1,1,0.181818181818,0.0,0.166666666667,0.333333333333,0.12,0.142857142857,0.3,26,16,2,3.5,3.75,1
-1,0,1,0,-1,-1,1,0.0666666666667,0.0,0.1,0.0625,0.1,0.0,0.1875,22,0,0,0,1,0,-1,1,0.166666666667,0.05,0.111111111111,0.136363636364,0.0,0.0714285714286,0.0416666666667,22,16,3,3.3,2.38,-1
0,0,0,-1,-1,0,-1,0.1875,0.25,0.333333333333,0.0555555555556,0.0,0.0,0.0,20,1,0,-1,-1,-1,-1,1,0.2,0.1,0.0,0.037037037037,0.0,0.142857142857,0.1875,17,16,1.91,3.6,4,1
-1,-1,1,-1,0,-1,-1,0.0,0.166666666667,0.25,0.105263157895,0.0,0.0625,0.0714285714286,16,0,0,1,-1,-1,-1,-1,0.0555555555556,0.0,0.166666666667,0.125,0.0,0.3,0.0,9,16,2,3.5,3.75,1
0,-1,-1,-1,-1,1,-1,0.1,0.0,0.037037037037,0.0,0.142857142857,0.1875,0.05,17,0,1,1,0,1,0,-1,0.0,0.125,0.238095238095,0.0,0.133333333333,0.111111111111,0.125,36,17,5.5,3.75,1.67,-1
0,0,1,0,-1,1,1,0.05,0.111111111111,0.136363636364,0.0,0.0714285714286,0.0416666666667,0.1875,22,1,-1,-1,0,1,0,0,0.111111111111,0.2,0.0,0.0,0.0666666666667,0.142857142857,0.0,18,17,1.36,4.75,9,-1
1,1,-1,1,1,1,1,0.181818181818,0.1875,0.0,0.2,0.0434782608696,0.4,0.375,42,-1,1,-1,0,-1,-1,1,0.166666666667,0.25,0.105263157895,0.0,0.0625,0.0714285714286,0.1875,16,17,1.2,6.5,15,1
1,0,1,0,0,1,1,0.0833333333333,0.0,0.1,0.125,0.111111111111,0.285714285714,0.4,25,1,-1,-1,1,-1,-1,0,0.142857142857,0.0714285714286,0.0,0.157894736842,0.0,0.0,0.142857142857,15,17,2.2,3.4,3.25,1
0,-1,-1,-1,0,0,0,0.0434782608696,0.0,0.0769230769231,0.1,0.0,0.0588235294118,0.25,10,0,0,-1,-1,0,-1,1,0.25,0.333333333333,0.0555555555556,0.0,0.0,0.0,0.125,20,17,2.4,3.4,2.88,1
-1,1,0,1,1,1,0,0.0,0.1,0.0833333333333,0.0833333333333,0.181818181818,0.166666666667,0.0,24,0,1,-1,0,0,0,1,0.0769230769231,0.125,0.047619047619,0.0714285714286,0.0714285714286,0.125,0.117647058824,27,17,3.1,3.2,2.4,0
-1,-1,-1,1,1,1,-1,0.0,0.166666666667,0.333333333333,0.12,0.142857142857,0.3,0.125,29,0,0,1,0,1,1,-1,0.111111111111,0.2,0.133333333333,0.0,0.230769230769,0.166666666667,0.142857142857,23,17,1.62,4,5.5,1
1,1,1,1,-1,-1,-1,0.125,0.285714285714,0.25,0.363636363636,0.166666666667,0.0,0.0,27,0,1,0,-1,-1,1,-1,0.0,0.1,0.0625,0.1,0.0,0.1875,0.222222222222,23,17,2,3.5,3.75,0
0,1,-1,-1,-1,-1,-1,0.0,0.166666666667,0.125,0.0,0.3,0.0,0.0,9,-1,0,1,0,0,-1,1,0.142857142857,0.2,0.384615384615,0.0,0.0833333333333,0.0,0.125,27,17,5.5,4,1.62,-1
-1,-1,1,-1,-1,0,-1,0.0714285714286,0.0,0.157894736842,0.0,0.0,0.142857142857,0.0833333333333,15,0,1,0,0,-1,1,1,0.2,0.384615384615,0.0,0.0833333333333,0.0,0.125,0.2,30,18,4.75,3.75,1.73,-1
1,1,0,1,0,-1,1,0.125,0.238095238095,0.0,0.133333333333,0.111111111111,0.125,0.1875,39,1,-1,-1,-1,-1,-1,-1,0.166666666667,0.125,0.0,0.3,0.0,0.0,0.285714285714,9,18,1.14,8,19,1
-1,-1,-1,-1,1,-1,-1,0.0,0.037037037037,0.0,0.142857142857,0.1875,0.05,0.0588235294118,20,-1,-1,-1,0,0,0,1,0.0,0.0769230769231,0.1,0.0,0.0588235294118,0.25,0.105263157895,10,18,2.1,3.4,3.5,1
-1,0,1,1,0,-1,1,0.0,0.0909090909091,0.142857142857,0.117647058824,0.125,0.0,0.0555555555556,15,1,-1,0,-1,-1,1,-1,0.25,0.105263157895,0.0,0.0625,0.0714285714286,0.1875,0.0769230769231,19,17,2,3.5,3.75,-1
-1,-1,1,1,1,-1,1,0.166666666667,0.333333333333,0.12,0.142857142857,0.3,0.125,0.0416666666667,30,1,0,1,1,1,0,0,0.1,0.0833333333333,0.0833333333333,0.181818181818,0.166666666667,0.0,0.0714285714286,25,18,1.62,3.75,6,0
1,1,1,-1,-1,-1,0,0.285714285714,0.25,0.363636363636,0.166666666667,0.0,0.0,0.0,30,0,1,0,0,1,1,1,0.0,0.1,0.125,0.111111111111,0.285714285714,0.4,0.125,25,18,1.91,3.6,4,1
1,0,-1,-1,1,-1,0,0.1,0.0625,0.1,0.0,0.1875,0.222222222222,0.0,23,1,-1,0,0,0,1,0,0.125,0.047619047619,0.0714285714286,0.0714285714286,0.125,0.117647058824,0.111111111111,30,18,2.88,3.25,2.5,-1
0,1,0,-1,1,1,-1,0.111111111111,0.136363636364,0.0,0.0714285714286,0.0416666666667,0.1875,0.0384615384615,25,0,-1,-1,0,-1,1,-1,0.333333333333,0.0555555555556,0.0,0.0,0.0,0.125,0.166666666667,20,18,1.53,4,6.5,1
0,1,0,1,1,-1,-1,0.2,0.133333333333,0.0,0.230769230769,0.166666666667,0.142857142857,0.0,24,1,-1,1,1,1,1,1,0.1875,0.0,0.2,0.0434782608696,0.4,0.375,0.2,43,18,5,4,1.67,0
0,0,-1,0,0,-1,1,0.0909090909091,0.0833333333333,0.0526315789474,0.0,0.0,0.0625,0.272727272727,32,-1,-1,0,1,0,0,1,0.2,0.0,0.0,0.0666666666667,0.142857142857,0.0,0.333333333333,18,17,1.33,5.5,8.5,1
-1,0,0,0,1,0,1,0.047619047619,0.0714285714286,0.0714285714286,0.125,0.117647058824,0.111111111111,0.133333333333,33,-1,1,-1,-1,0,-1,-1,0.0,0.157894736842,0.0,0.0,0.142857142857,0.0833333333333,0.0,15,19,1.44,4.5,7,1
-1,-1,0,-1,1,-1,-1,0.0555555555556,0.0,0.0,0.0,0.125,0.166666666667,0.0,21,0,1,1,0,-1,1,-1,0.0909090909091,0.142857142857,0.117647058824,0.125,0.0,0.0555555555556,0.0,16,19,1.85,3.6,4.2,0
-1,1,1,1,1,1,0,0.0,0.2,0.0434782608696,0.4,0.375,0.2,0.0526315789474,46,-1,-1,-1,1,-1,-1,1,0.037037037037,0.0,0.142857142857,0.1875,0.05,0.0588235294118,0.0555555555556,20,19,1.22,6.5,13,1
1,0,0,1,1,1,-1,0.1,0.125,0.111111111111,0.285714285714,0.4,0.125,0.1,25,0,-1,0,0,-1,1,1,0.0833333333333,0.0526315789474,0.0,0.0,0.0625,0.272727272727,0.333333333333,35,19,6,3.75,1.62,-1
-1,-1,-1,-1,-1,-1,-1,0.125,0.0,0.3,0.0,0.0,0.285714285714,0.0,10,1,0,1,1,-1,-1,0,0.133333333333,0.0,0.230769230769,0.166666666667,0.142857142857,0.0,0.0714285714286,25,19,2.9,3.4,2.38,0
-1,0,-1,-1,1,-1,1,0.105263157895,0.0,0.0625,0.0714285714286,0.1875,0.0769230769231,0.1,22,1,0,1,0,-1,1,1,0.238095238095,0.0,0.133333333333,0.111111111111,0.125,0.1875,0.0588235294118,39,19,6.5,4,1.53,1
-1,-1,0,0,0,1,-1,0.0769230769231,0.1,0.0,0.0588235294118,0.25,0.105263157895,0.0,10,1,1,-1,-1,-1,0,1,0.25,0.363636363636,0.166666666667,0.0,0.0,0.0,0.166666666667,33,19,2.2,3.4,3.25,-1
-1,0,1,0,0,1,-1,0.0,0.0,0.0666666666667,0.142857142857,0.0,0.333333333333,0.0,18,-1,1,1,1,-1,1,0,0.333333333333,0.12,0.142857142857,0.3,0.125,0.0416666666667,0.0,33,19,3.75,3.5,2,-1
0,1,1,1,0,0,0,0.0833333333333,0.0833333333333,0.181818181818,0.166666666667,0.0,0.0714285714286,0.0,28,1,0,-1,1,1,-1,1,0.136363636364,0.0,0.0714285714286,0.0416666666667,0.1875,0.0384615384615,0.181818181818,25,19,3.4,3.2,2.25,1
0,-1,-1,1,-1,1,1,0.0,0.0625,0.0714285714286,0.1875,0.0769230769231,0.1,0.0833333333333,22,1,1,1,-1,1,0,1,0.12,0.142857142857,0.3,0.125,0.0416666666667,0.0,0.2,36,20,3.5,3.4,2.1,-1
0,1,0,0,1,-1,-1,0.0,0.0666666666667,0.142857142857,0.0,0.333333333333,0.0,0.0,18,1,-1,-1,0,-1,-1,-1,0.157894736842,0.0,0.0,0.142857142857,0.0833333333333,0.0,0.1,18,20,2.4,3.25,3,-1
-1,0,-1,1,-1,-1,0,0.0,0.0,0.0,0.125,0.166666666667,0.0,0.1,21,0,1,1,-1,-1,0,0,0.0,0.230769230769,0.166666666667,0.142857142857,0.0,0.0714285714286,0.0,28,20,2.1,3.4,3.5,-1
1,1,1,1,1,0,1,0.2,0.0434782608696,0.4,0.375,0.2,0.0526315789474,0.25,49,1,-1,-1,-1,0,1,1,0.363636363636,0.166666666667,0.0,0.0,0.0,0.166666666667,0.166666666667,33,20,1.3,5.5,10,1
0,0,1,1,1,-1,-1,0.125,0.111111111111,0.285714285714,0.4,0.125,0.1,0.0,25,0,1,0,-1,1,1,-1,0.0,0.133333333333,0.111111111111,0.125,0.1875,0.0588235294118,0.0,42,20,6,4,1.57,-1
-1,-1,-1,-1,-1,-1,0,0.0,0.3,0.0,0.0,0.285714285714,0.0,0.0,13,0,-1,-1,1,-1,0,-1,0.0625,0.1,0.0,0.1875,0.222222222222,0.0,0.166666666667,23,20,2.88,3.25,2.5,1
1,1,1,0,0,0,1,0.0833333333333,0.181818181818,0.166666666667,0.0,0.0714285714286,0.0,0.428571428571,29,1,1,0,-1,1,-1,0,0.142857142857,0.117647058824,0.125,0.0,0.0555555555556,0.0,0.142857142857,17,20,1.8,3.5,4.75,0
1,0,0,-1,1,1,1,0.384615384615,0.0,0.0833333333333,0.0,0.125,0.2,0.1,33,-1,-1,1,-1,-1,1,-1,0.0,0.142857142857,0.1875,0.05,0.0588235294118,0.0555555555556,0.1875,20,19,1.44,4.5,7,1
0,0,0,1,0,1,1,0.0714285714286,0.0714285714286,0.125,0.117647058824,0.111111111111,0.133333333333,0.117647058824,33,-1,0,0,-1,1,1,1,0.0526315789474,0.0,0.0,0.0625,0.272727272727,0.333333333333,0.05,38,20,2.88,3.3,2.5,-1
-1,0,0,0,1,-1,-1,0.1,0.0,0.0588235294118,0.25,0.105263157895,0.0,0.0555555555556,10,0,-1,1,1,-1,1,-1,0.0,0.0714285714286,0.0416666666667,0.1875,0.0384615384615,0.181818181818,0.0833333333333,28,20,4,3.5,1.91,-1
-1,-1,-1,0,1,1,-1,0.166666666667,0.0,0.0,0.0,0.166666666667,0.166666666667,0.0,33,0,-1,1,-1,-1,0,-1,0.0,0.0,0.125,0.166666666667,0.0,0.1,0.0454545454545,24,21,2,3.5,3.75,-1
1,0,-1,1,1,-1,1,0.133333333333,0.111111111111,0.125,0.1875,0.0588235294118,0.0,0.307692307692,45,1,1,0,0,0,1,0,0.181818181818,0.166666666667,0.0,0.0714285714286,0.0,0.428571428571,0.3,29,21,1.29,5.5,11,1
1,1,-1,-1,0,0,1,0.230769230769,0.166666666667,0.142857142857,0.0,0.0714285714286,0.0,0.2,29,1,0,0,1,-1,-1,-1,0.0666666666667,0.142857142857,0.0,0.333333333333,0.0,0.0,0.0,19,21,1.57,4,6,0
1,1,-1,1,0,1,1,0.142857142857,0.3,0.125,0.0416666666667,0.0,0.2,0.111111111111,39,-1,-1,-1,-1,-1,0,1,0.3,0.0,0.0,0.285714285714,0.0,0.0,0.333333333333,13,21,1.33,5,10,1
-1,-1,1,-1,0,-1,-1,0.1,0.0,0.1875,0.222222222222,0.0,0.166666666667,0.0,26,0,1,1,1,-1,-1,-1,0.111111111111,0.285714285714,0.4,0.125,0.1,0.0,0.230769230769,25,20,2.1,3.4,3.5,1
-1,-1,0,-1,-1,-1,1,0.0,0.0,0.142857142857,0.0833333333333,0.0,0.1,0.333333333333,18,1,1,1,1,0,1,1,0.0434782608696,0.4,0.375,0.2,0.0526315789474,0.25,0.117647058824,52,21,6,4.2,1.53,-1
1,0,-1,1,-1,0,0,0.117647058824,0.125,0.0,0.0555555555556,0.0,0.142857142857,0.375,18,0,0,-1,1,1,1,1,0.0,0.0833333333333,0.0,0.125,0.2,0.1,0.4375,34,20,5,3.75,1.7,0
0,0,-1,1,1,1,1,0.0,0.0,0.0625,0.272727272727,0.333333333333,0.05,0.133333333333,38,0,0,0,1,-1,-1,-1,0.0,0.0588235294118,0.25,0.105263157895,0.0,0.0555555555556,0.0,13,20,1.2,6.5,15,-1
-1,1,1,-1,1,-1,1,0.0714285714286,0.0416666666667,0.1875,0.0384615384615,0.181818181818,0.0833333333333,0.1875,31,-1,-1,1,-1,1,1,-1,0.0625,0.0714285714286,0.1875,0.0769230769231,0.1,0.0833333333333,0.111111111111,22,21,1.4,4.5,8.5,1
-1,1,-1,-1,1,-1,-1,0.142857142857,0.1875,0.05,0.0588235294118,0.0555555555556,0.1875,0.3,20,0,0,1,0,1,1,-1,0.0714285714286,0.125,0.117647058824,0.111111111111,0.133333333333,0.117647058824,0.0833333333333,36,21,3,3.4,2.38,-1
0,0,1,-1,-1,-1,1,0.0588235294118,0.25,0.105263157895,0.0,0.0555555555556,0.0,0.125,14,1,-1,1,0,1,1,1,0.3,0.125,0.0416666666667,0.0,0.2,0.111111111111,0.1,40,22,4.5,3.8,1.85,0
0,0,1,-1,-1,-1,0,0.142857142857,0.0,0.333333333333,0.0,0.0,0.0,0.25,19,0,-1,1,-1,0,0,0,0.125,0.0,0.0555555555556,0.0,0.142857142857,0.375,0.111111111111,21,22,2.55,3.5,2.9,-1
0,1,0,1,1,-1,1,0.125,0.117647058824,0.111111111111,0.133333333333,0.117647058824,0.0833333333333,0.285714285714,37,1,-1,-1,0,0,1,0,0.166666666667,0.142857142857,0.0,0.0714285714286,0.0,0.2,0.0869565217391,30,22,1.57,4.2,6.5,0
-1,1,-1,-1,0,-1,1,0.0,0.125,0.166666666667,0.0,0.1,0.0454545454545,0.2,25,-1,0,-1,-1,-1,1,-1,0.0,0.142857142857,0.0833333333333,0.0,0.1,0.333333333333,0.0,19,22,2.05,3.5,4,0
1,1,1,-1,-1,-1,-1,0.285714285714,0.4,0.125,0.1,0.0,0.230769230769,0.111111111111,26,1,-1,-1,1,-1,-1,-1,0.1875,0.05,0.0588235294118,0.0555555555556,0.1875,0.3,0.0714285714286,21,22,2.2,3.6,3.4,0
-1,-1,-1,-1,0,1,-1,0.0,0.0,0.285714285714,0.0,0.0,0.333333333333,0.142857142857,16,-1,-1,0,1,1,-1,-1,0.0,0.0,0.0,0.166666666667,0.166666666667,0.0,0.0588235294118,33,22,3,3.4,2.5,1
1,0,0,0,1,0,-1,0.166666666667,0.0,0.0714285714286,0.0,0.428571428571,0.3,0.0,29,0,-1,1,1,1,1,-1,0.0,0.0625,0.272727272727,0.333333333333,0.05,0.133333333333,0.0,41,22,4.33,3.5,1.95,-1
-1,1,-1,1,1,-1,-1,0.0714285714286,0.1875,0.0769230769231,0.1,0.0833333333333,0.111111111111,0.0,25,-1,1,-1,0,-1,-1,1,0.0,0.1875,0.222222222222,0.0,0.166666666667,0.0,0.142857142857,26,22,2.38,3.3,3.3,1
1,1,1,0,1,1,1,0.4,0.375,0.2,0.0526315789474,0.25,0.117647058824,0.285714285714,55,1,1,-1,1,-1,1,1,0.0416666666667,0.1875,0.0384615384615,0.181818181818,0.0833333333333,0.1875,0.111111111111,31,22,1.91,3.8,4.2,1
0,-1,1,1,1,1,0,0.0833333333333,0.0,0.125,0.2,0.1,0.4375,0.166666666667,34,0,-1,1,1,-1,1,1,0.111111111111,0.125,0.1875,0.0588235294118,0.0,0.307692307692,0.176470588235,48,21,2.63,3.5,2.8,-1
-1,1,1,1,1,-1,1,0.0625,0.272727272727,0.333333333333,0.05,0.133333333333,0.0,0.363636363636,42,-1,1,-1,0,0,0,1,0.0,0.0555555555556,0.0,0.142857142857,0.375,0.111111111111,0.0909090909091,22,22,1.25,6.5,15,0
1,-1,1,-1,1,1,-1,0.1875,0.0384615384615,0.181818181818,0.0833333333333,0.1875,0.111111111111,0.0833333333333,34,1,1,-1,-1,-1,-1,0,0.4,0.125,0.1,0.0,0.230769230769,0.111111111111,0.0,26,23,1.33,5.5,10.5,1
-1,1,1,-1,1,1,1,0.125,0.1875,0.0588235294118,0.0,0.307692307692,0.176470588235,0.125,51,1,-1,-1,0,-1,1,0,0.125,0.166666666667,0.0,0.1,0.0454545454545,0.2,0.0714285714286,25,23,1.25,6.5,14,1
-1,-1,1,-1,-1,-1,0,0.05,0.0588235294118,0.0555555555556,0.1875,0.3,0.0714285714286,0.0,21,-1,-1,-1,0,1,-1,1,0.0,0.285714285714,0.0,0.0,0.333333333333,0.142857142857,0.428571428571,19,23,1.75,4,5,-1
-1,-1,0,0,1,0,0,0.142857142857,0.0,0.0714285714286,0.0,0.2,0.0869565217391,0.0,33,0,0,0,1,0,-1,-1,0.0,0.0714285714286,0.0,0.428571428571,0.3,0.0,0.0,29,23,2.2,3.4,3.6,1
1,-1,0,-1,-1,1,-1,0.1875,0.222222222222,0.0,0.166666666667,0.0,0.142857142857,0.0,27,0,1,-1,-1,-1,1,0,0.25,0.105263157895,0.0,0.0555555555556,0.0,0.125,0.0,15,22,2.1,3.5,3.75,0
0,-1,-1,-1,1,-1,0,0.142857142857,0.0833333333333,0.0,0.1,0.333333333333,0.0,0.0666666666667,19,1,-1,1,1,-1,-1,1,0.1875,0.0769230769231,0.1,0.0833333333333,0.111111111111,0.0,0.166666666667,28,23,2.15,3.4,3.8,-1
-1,0,1,1,-1,-1,-1,0.0,0.0,0.166666666667,0.166666666667,0.0,0.0588235294118,0.181818181818,34,0,1,-1,-1,-1,0,-1,0.0,0.333333333333,0.0,0.0,0.0,0.25,0.0,20,23,1.75,4,5,0
1,1,1,1,-1,1,0,0.272727272727,0.333333333333,0.05,0.133333333333,0.0,0.363636363636,0.105263157895,45,-1,1,1,1,1,0,-1,0.0,0.125,0.2,0.1,0.4375,0.166666666667,0.0,34,23,1.91,3.6,4,1
-1,1,0,1,1,1,0,0.125,0.0416666666667,0.0,0.2,0.111111111111,0.1,0.0,41,1,1,0,1,1,1,1,0.375,0.2,0.0526315789474,0.25,0.117647058824,0.285714285714,0.133333333333,56,23,2.9,3.6,2.5,0
1,-1,0,0,0,1,0,0.0555555555556,0.0,0.142857142857,0.375,0.111111111111,0.0909090909091,0.285714285714,23,1,0,1,1,-1,1,0,0.117647058824,0.111111111111,0.133333333333,0.117647058824,0.0833333333333,0.285714285714,0.0,38,23,3.6,3.5,2.05,0
1,1,1,1,0,-1,-1,0.125,0.2,0.1,0.4375,0.166666666667,0.0,0.0833333333333,37,-1,0,-1,-1,1,-1,0,0.222222222222,0.0,0.166666666667,0.0,0.142857142857,0.0,0.0454545454545,27,23,1.44,4.75,8,1
1,-1,-1,-1,0,-1,0,0.333333333333,0.0,0.0,0.0,0.25,0.0,0.181818181818,20,-1,1,-1,-1,-1,0,-1,0.0588235294118,0.0555555555556,0.1875,0.3,0.0714285714286,0.0,0.0666666666667,24,24,2.9,3.4,2.6,-1
1,-1,-1,-1,1,0,0,0.105263157895,0.0,0.0555555555556,0.0,0.125,0.0,0.111111111111,16,1,1,-1,1,1,1,1,0.1875,0.0588235294118,0.0,0.307692307692,0.176470588235,0.125,0.1,52,24,7.5,4.5,1.5,0
0,0,1,0,-1,-1,-1,0.0714285714286,0.0,0.428571428571,0.3,0.0,0.0,0.142857142857,30,-1,-1,-1,1,-1,0,-1,0.0833333333333,0.0,0.1,0.333333333333,0.0,0.0666666666667,0.1,20,24,2.2,3.3,3.75,0
-1,1,1,-1,-1,1,1,0.0769230769231,0.1,0.0833333333333,0.111111111111,0.0,0.166666666667,0.3,29,-1,0,0,1,0,0,1,0.0,0.0714285714286,0.0,0.2,0.0869565217391,0.0,0.25,34,24,2.5,3.4,3,0
1,1,1,0,-1,-1,1,0.2,0.1,0.4375,0.166666666667,0.0,0.0833333333333,0.217391304348,38,-1,1,-1,1,1,-1,1,0.0384615384615,0.181818181818,0.0833333333333,0.1875,0.111111111111,0.0833333333333,0.294117647059,35,24,2.4,3.5,3.1,0
1,-1,-1,-1,-1,0,-1,0.125,0.1,0.0,0.230769230769,0.111111111111,0.0,0.0,27,1,0,1,1,1,0,0,0.0416666666667,0.0,0.2,0.111111111111,0.1,0.0,0.0434782608696,42,24,4.75,3.75,1.83,0
0,1,1,-1,1,0,0,0.111111111111,0.133333333333,0.117647058824,0.0833333333333,0.285714285714,0.0,0.0,41,0,1,1,-1,-1,-1,0,0.0,0.166666666667,0.166666666667,0.0,0.0588235294118,0.181818181818,0.08,34,24,1.6,4.1,6.5,1
1,0,1,1,1,1,0,0.2,0.0526315789474,0.25,0.117647058824,0.285714285714,0.133333333333,0.166666666667,59,-1,0,0,0,1,0,0,0.0,0.142857142857,0.375,0.111111111111,0.0909090909091,0.285714285714,0.0,23,24,1.25,6.5,14,1
-1,-1,0,1,-1,1,1,0.285714285714,0.0,0.0,0.333333333333,0.142857142857,0.428571428571,0.333333333333,20,1,1,1,-1,1,0,1,0.333333333333,0.05,0.133333333333,0.0,0.363636363636,0.105263157895,0.153846153846,46,24,7.5,4.5,1.5,0
-1,-1,0,-1,1,0,-1,0.166666666667,0.0,0.1,0.0454545454545,0.2,0.0714285714286,0.0,28,0,-1,-1,1,-1,0,-1,0.0,0.166666666667,0.0,0.142857142857,0.0,0.0454545454545,0.142857142857,27,24,2.2,3.5,3.5,1
-1,-1,-1,1,0,0,0,0.0,0.0555555555556,0.0,0.125,0.0,0.111111111111,0.0,17,-1,-1,-1,-1,0,-1,0,0.1,0.0,0.230769230769,0.111111111111,0.0,0.0,0.125,28,25,1.95,3.6,4.33,0
1,1,0,-1,-1,1,0,0.1,0.4375,0.166666666667,0.0,0.0833333333333,0.217391304348,0.142857142857,41,0,1,0,-1,-1,-1,0,0.0,0.428571428571,0.3,0.0,0.0,0.142857142857,0.222222222222,30,25,1.44,4.5,9,1
1,1,-1,1,0,0,1,0.133333333333,0.117647058824,0.0833333333333,0.285714285714,0.0,0.0,0.181818181818,42,-1,-1,-1,0,-1,0,-1,0.0,0.0,0.0,0.25,0.0,0.181818181818,0.1,21,25,1.4,5,9,0
1,-1,-1,-1,0,-1,1,0.0555555555556,0.1875,0.3,0.0714285714286,0.0,0.0666666666667,0.2,27,1,1,-1,1,0,1,0,0.05,0.133333333333,0.0,0.363636363636,0.105263157895,0.153846153846,0.142857142857,46,25,4,3.6,2,1
-1,0,1,-1,1,1,0,0.0,0.0,0.333333333333,0.142857142857,0.428571428571,0.333333333333,0.4,23,1,1,-1,-1,1,1,0,0.1,0.0833333333333,0.111111111111,0.0,0.166666666667,0.3,0.0,29,25,2.5,3.4,3,1
-1,-1,1,-1,0,-1,-1,0.166666666667,0.0,0.142857142857,0.0,0.0454545454545,0.142857142857,0.125,30,0,0,1,0,0,1,0,0.0714285714286,0.0,0.2,0.0869565217391,0.0,0.25,0.0,34,25,2.4,3.4,3.2,1
-1,-1,1,-1,0,-1,0,0.0,0.1,0.333333333333,0.0,0.0666666666667,0.1,0.181818181818,21,0,0,0,1,0,0,-1,0.142857142857,0.375,0.111111111111,0.0909090909091,0.285714285714,0.0,0.047619047619,24,25,2.2,3.5,3.5,0
-1,0,-1,1,0,-1,1,0.0,0.1,0.0454545454545,0.2,0.0714285714286,0.0,0.230769230769,28,0,1,1,1,1,0,1,0.0526315789474,0.25,0.117647058824,0.285714285714,0.133333333333,0.166666666667,0.181818181818,62,25,5.5,4.2,1.65,-1
1,1,-1,-1,-1,0,-1,0.166666666667,0.166666666667,0.0,0.0588235294118,0.181818181818,0.08,0.142857142857,34,0,1,1,1,0,0,0,0.0,0.2,0.111111111111,0.1,0.0,0.0434782608696,0.0833333333333,45,25,3.6,3.4,2.2,-1
1,-1,1,1,1,1,0,0.0588235294118,0.0,0.307692307692,0.176470588235,0.125,0.1,0.0,53,1,-1,1,1,-1,1,0,0.181818181818,0.0833333333333,0.1875,0.111111111111,0.0833333333333,0.294117647059,0.2,36,25,1.83,3.9,4.5,0
1,1,1,0,0,0,1,0.2,0.111111111111,0.1,0.0,0.0434782608696,0.0833333333333,0.047619047619,48,-1,-1,-1,0,-1,1,1,0.1875,0.3,0.0714285714286,0.0,0.0666666666667,0.2,0.157894736842,27,26,1.67,4,5.75,1
1,-1,1,0,1,0,-1,0.133333333333,0.0,0.363636363636,0.105263157895,0.153846153846,0.142857142857,0.166666666667,49,-1,1,-1,0,-1,0,0,0.1,0.333333333333,0.0,0.0666666666667,0.1,0.181818181818,0.4,21,26,1.36,5.5,9.5,1
-1,-1,-1,0,-1,0,0,0.0,0.230769230769,0.111111111111,0.0,0.0,0.125,0.0,29,0,-1,1,0,-1,1,-1,0.1,0.0454545454545,0.2,0.0714285714286,0.0,0.230769230769,0.0,29,26,2.3,3.4,3.4,0
1,0,-1,-1,-1,0,-1,0.428571428571,0.3,0.0,0.0,0.142857142857,0.222222222222,0.0,33,0,1,-1,1,1,0,1,0.0,0.333333333333,0.142857142857,0.428571428571,0.333333333333,0.4,0.222222222222,23,26,1.91,3.5,4.6,1
1,-1,-1,1,1,0,-1,0.0833333333333,0.111111111111,0.0,0.166666666667,0.3,0.0,0.1,29,1,0,-1,-1,1,0,1,0.4375,0.166666666667,0.0,0.0833333333333,0.217391304348,0.142857142857,0.0666666666667,44,26,4.5,3.6,1.91,-1
0,1,0,0,1,0,-1,0.0,0.2,0.0869565217391,0.0,0.25,0.0,0.0,37,-1,-1,1,0,0,0,0,0.0555555555556,0.0,0.125,0.0,0.111111111111,0.0,0.0,17,26,1.83,3.75,4.75,1
0,0,1,0,0,-1,0,0.375,0.111111111111,0.0909090909091,0.285714285714,0.0,0.047619047619,0.133333333333,27,-1,1,1,1,1,0,0,0.0,0.307692307692,0.176470588235,0.125,0.1,0.0,0.222222222222,53,26,5.75,4,1.67,1
-1,-1,0,-1,0,-1,0,0.0,0.0,0.25,0.0,0.181818181818,0.1,0.375,24,-1,1,-1,0,-1,-1,1,0.0,0.142857142857,0.0,0.0454545454545,0.142857142857,0.125,0.0555555555556,30,26,2.63,3.4,2.88,1
1,1,1,1,0,1,1,0.25,0.117647058824,0.285714285714,0.133333333333,0.166666666667,0.181818181818,0.0769230769231,65,1,-1,1,0,0,1,0,0.117647058824,0.0833333333333,0.285714285714,0.0,0.0,0.181818181818,0.136363636364,42,26,1.75,3.9,5,1
-1,1,1,-1,1,0,0,0.0833333333333,0.1875,0.111111111111,0.0833333333333,0.294117647059,0.2,0.0952380952381,36,1,-1,-1,-1,0,-1,-1,0.166666666667,0.0,0.0588235294118,0.181818181818,0.08,0.142857142857,0.0,37,26,1.4,5,9,-1
1,1,-1,1,0,0,-1,0.1875,0.111111111111,0.0833333333333,0.294117647059,0.2,0.0952380952381,0.0,39,1,0,0,1,0,-1,1,0.2,0.0869565217391,0.0,0.25,0.0,0.0,0.307692307692,37,27,1.57,4.4,6,1
-1,1,0,-1,1,-1,0,0.0454545454545,0.2,0.0714285714286,0.0,0.230769230769,0.0,0.0,32,0,-1,-1,-1,0,-1,1,0.3,0.0,0.0,0.142857142857,0.222222222222,0.0,0.153846153846,33,27,2.2,3.3,3.75,1
0,-1,-1,1,0,1,1,0.166666666667,0.0,0.0833333333333,0.217391304348,0.142857142857,0.0666666666667,0.0555555555556,47,-1,0,-1,0,-1,0,1,0.0,0.25,0.0,0.181818181818,0.1,0.375,0.285714285714,24,27,1.33,5.5,11,1
-1,-1,0,-1,0,0,0,0.230769230769,0.111111111111,0.0,0.0,0.125,0.0,0.0,32,-1,1,0,0,1,0,-1,0.0833333333333,0.285714285714,0.0,0.0,0.181818181818,0.136363636364,0.0,42,27,3.8,3.5,2.1,1
-1,1,0,0,0,0,-1,0.0,0.125,0.0,0.111111111111,0.0,0.0,0.0714285714286,17,1,1,1,0,1,1,1,0.117647058824,0.285714285714,0.133333333333,0.166666666667,0.181818181818,0.0769230769231,0.2,68,27,7,4.33,1.53,-1
1,-1,1,1,0,1,-1,0.333333333333,0.142857142857,0.428571428571,0.333333333333,0.4,0.222222222222,0.2,23,1,-1,0,-1,0,0,-1,0.333333333333,0.0,0.0666666666667,0.1,0.181818181818,0.4,0.0769230769231,24,27,2.63,3.4,2.88,-1
-1,-1,-1,0,-1,-1,1,0.0,0.0588235294118,0.181818181818,0.08,0.142857142857,0.0,0.5,40,-1,-1,1,1,0,-1,-1,0.111111111111,0.0,0.166666666667,0.3,0.0,0.1,0.0,29,27,2.05,3.5,4,1
1,1,1,1,0,0,-1,0.307692307692,0.176470588235,0.125,0.1,0.0,0.222222222222,0.142857142857,56,-1,1,0,1,0,-1,1,0.0,0.363636363636,0.105263157895,0.153846153846,0.142857142857,0.166666666667,0.16,49,27,1.95,3.6,4.33,1
-1,-1,0,-1,1,1,-1,0.3,0.0714285714286,0.0,0.0666666666667,0.2,0.157894736842,0.111111111111,30,0,1,0,0,-1,0,1,0.111111111111,0.0909090909091,0.285714285714,0.0,0.047619047619,0.133333333333,0.230769230769,27,27,2.2,3.5,3.2,1
1,-1,0,-1,-1,1,-1,0.142857142857,0.0,0.0454545454545,0.142857142857,0.125,0.0555555555556,0.0769230769231,30,1,1,0,0,0,1,1,0.111111111111,0.1,0.0,0.0434782608696,0.0833333333333,0.047619047619,0.125,51,27,3.6,3.5,2.15,-1
1,0,1,0,-1,1,-1,0.363636363636,0.105263157895,0.153846153846,0.142857142857,0.166666666667,0.16,0.0,52,-1,-1,0,-1,-1,1,1,0.0588235294118,0.181818181818,0.08,0.142857142857,0.0,0.5,0.117647058824,40,28,1.4,5,9,1
1,0,0,1,0,-1,-1,0.285714285714,0.0,0.0,0.181818181818,0.136363636364,0.0,0.0909090909091,45,-1,1,1,0,1,-1,-1,0.142857142857,0.428571428571,0.333333333333,0.4,0.222222222222,0.2,0.0,23,28,1.38,5,10,1
1,1,0,1,1,1,1,0.285714285714,0.133333333333,0.166666666667,0.181818181818,0.0769230769231,0.2,0.153846153846,71,-1,0,-1,0,0,0,1,0.111111111111,0.0,0.0,0.125,0.0,0.0,0.2,32,28,1.33,5.5,11,1
1,0,0,-1,0,1,-1,0.0909090909091,0.285714285714,0.0,0.047619047619,0.133333333333,0.230769230769,0.181818181818,27,1,0,0,0,0,-1,-1,0.125,0.0,0.111111111111,0.0,0.0,0.0714285714286,0.0,20,28,1.85,3.8,4.5,-1
-1,-1,-1,0,-1,1,-1,0.0,0.0,0.142857142857,0.222222222222,0.0,0.153846153846,0.0,33,-1,0,-1,-1,1,-1,-1,0.0,0.0454545454545,0.142857142857,0.125,0.0555555555556,0.0769230769231,0.25,33,28,2.15,3.25,4,-1
-1,1,1,0,-1,-1,-1,0.0,0.166666666667,0.3,0.0,0.1,0.0,0.1,30,1,0,-1,1,-1,0,1,0.2,0.0714285714286,0.0,0.230769230769,0.0,0.0,0.05,33,28,2.4,3.3,3.3,0
0,0,1,0,-1,1,-1,0.0869565217391,0.0,0.25,0.0,0.0,0.307692307692,0.0,40,-1,0,-1,1,1,-1,1,0.0714285714286,0.0,0.0666666666667,0.2,0.157894736842,0.111111111111,0.363636363636,30,28,2.1,3.6,3.75,1
-1,0,-1,0,0,-1,1,0.0,0.0666666666667,0.1,0.181818181818,0.4,0.0769230769231,0.214285714286,24,1,-1,1,0,0,-1,1,0.111111111111,0.0833333333333,0.294117647059,0.2,0.0952380952381,0.0,0.151515151515,42,28,4.5,3.75,1.85,-1
1,0,0,0,1,1,1,0.1,0.0,0.0434782608696,0.0833333333333,0.047619047619,0.125,0.12,54,-1,-1,1,0,1,1,1,0.0,0.0833333333333,0.217391304348,0.142857142857,0.0666666666667,0.0555555555556,0.0833333333333,47,28,2.3,3.6,3.25,1
0,-1,0,-1,0,1,-1,0.25,0.0,0.181818181818,0.1,0.375,0.285714285714,0.2,24,1,1,1,0,0,-1,1,0.176470588235,0.125,0.1,0.0,0.222222222222,0.142857142857,0.133333333333,59,28,7.5,4.5,1.44,-1
0,-1,0,0,0,1,-1,0.0,0.0,0.125,0.0,0.0,0.2,0.0,33,0,0,-1,0,1,-1,-1,0.285714285714,0.0,0.047619047619,0.133333333333,0.230769230769,0.181818181818,0.0588235294118,28,29,2.5,3.4,3,0
0,0,0,0,-1,-1,1,0.0,0.111111111111,0.0,0.0,0.0714285714286,0.0,0.4,23,1,1,0,-1,-1,-1,0,0.166666666667,0.3,0.0,0.1,0.0,0.1,0.166666666667,30,29,2.25,3.4,3.5,1
1,1,0,1,-1,-1,-1,0.428571428571,0.333333333333,0.4,0.222222222222,0.2,0.0,0.0833333333333,23,-1,0,-1,0,1,-1,-1,0.0,0.181818181818,0.1,0.375,0.285714285714,0.2,0.0,27,29,2.45,3.4,3.1,-1
-1,0,-1,-1,1,1,-1,0.181818181818,0.08,0.142857142857,0.0,0.5,0.117647058824,0.0,43,0,1,0,-1,1,-1,1,0.0,0.25,0.0,0.0,0.307692307692,0.0,0.1,40,29,2.45,3.3,3.2,1
0,-1,1,1,-1,1,-1,0.0,0.0666666666667,0.2,0.157894736842,0.111111111111,0.363636363636,0.0,33,-1,-1,0,-1,1,-1,-1,0.0,0.142857142857,0.222222222222,0.0,0.153846153846,0.0,0.0,33,29,1.83,3.7,4.8,1
-1,1,0,0,-1,1,1,0.0833333333333,0.294117647059,0.2,0.0952380952381,0.0,0.151515151515,0.5,45,0,0,0,1,1,1,1,0.0,0.0434782608696,0.0833333333333,0.047619047619,0.125,0.12,0.181818181818,54,29,1.95,3.8,4,1
0,0,1,0,-1,-1,1,0.0,0.0,0.181818181818,0.136363636364,0.0,0.0909090909091,0.166666666667,48,1,1,0,0,-1,1,1,0.125,0.1,0.0,0.222222222222,0.142857142857,0.133333333333,0.05,59,29,3.9,3.6,2.05,1
0,-1,0,1,-1,-1,1,0.181818181818,0.1,0.375,0.285714285714,0.2,0.0,0.111111111111,30,0,0,0,-1,-1,1,1,0.111111111111,0.0,0.0,0.0714285714286,0.0,0.4,0.2,23,30,2.3,3.4,3.4,1
0,-1,0,1,-1,-1,0,0.0,0.047619047619,0.133333333333,0.230769230769,0.181818181818,0.0588235294118,0.0,31,1,0,0,-1,1,1,1,0.294117647059,0.2,0.0952380952381,0.0,0.151515151515,0.5,0.3,45,30,4.2,3.8,1.91,1
-1,0,-1,1,-1,-1,-1,0.142857142857,0.222222222222,0.0,0.153846153846,0.0,0.0,0.142857142857,34,0,-1,-1,1,1,-1,1,0.08,0.142857142857,0.0,0.5,0.117647058824,0.0,0.166666666667,44,30,2.5,3.3,3.1,0
1,0,-1,1,-1,1,-1,0.25,0.0,0.0,0.307692307692,0.0,0.1,0.111111111111,40,-1,1,0,1,1,1,-1,0.0833333333333,0.217391304348,0.142857142857,0.0666666666667,0.0555555555556,0.0833333333333,0.1,50,30,3.4,3.5,2.25,-1
1,0,1,1,1,1,1,0.133333333333,0.166666666667,0.181818181818,0.0769230769231,0.2,0.153846153846,0.307692307692,74,1,0,1,-1,-1,-1,-1,0.333333333333,0.4,0.222222222222,0.2,0.0,0.0833333333333,0.1,23,29,1.17,9,19,1
1,0,-1,-1,-1,0,-1,0.3,0.0,0.1,0.0,0.1,0.166666666667,0.142857142857,31,-1,0,0,0,1,-1,0,0.0,0.125,0.0,0.0,0.2,0.0,0.0,34,30,2.05,3.5,4,0
0,0,1,1,1,1,-1,0.0434782608696,0.0833333333333,0.047619047619,0.125,0.12,0.181818181818,0.133333333333,54,0,-1,1,-1,0,1,0,0.0714285714286,0.0,0.230769230769,0.0,0.0,0.05,0.285714285714,36,30,1.5,4.5,7.5,-1
0,1,0,-1,1,-1,1,0.105263157895,0.153846153846,0.142857142857,0.166666666667,0.16,0.0,0.04,55,0,-1,-1,1,-1,-1,1,0.0454545454545,0.142857142857,0.125,0.0555555555556,0.0769230769231,0.25,0.1,33,29,1.4,5,9,1
0,-1,0,0,-1,1,-1,0.0666666666667,0.1,0.181818181818,0.4,0.0769230769231,0.214285714286,0.0,27,-1,1,1,-1,1,-1,1,0.0666666666667,0.2,0.157894736842,0.111111111111,0.363636363636,0.0,0.142857142857,33,29,2.3,3.4,3.4,1
0,-1,-1,-1,0,-1,0,0.0,0.1,0.0,0.1,0.166666666667,0.142857142857,0.0625,31,0,1,1,1,1,1,1,0.166666666667,0.181818181818,0.0769230769231,0.2,0.153846153846,0.307692307692,0.0588235294118,77,31,6,4,1.65,-1
1,0,1,1,1,-1,1,0.217391304348,0.142857142857,0.0666666666667,0.0555555555556,0.0833333333333,0.1,0.133333333333,53,0,1,-1,-1,-1,-1,-1,0.4,0.222222222222,0.2,0.0,0.0833333333333,0.1,0.0,23,30,1.25,6.5,15,1
1,0,0,-1,1,1,-1,0.1,0.0,0.222222222222,0.142857142857,0.133333333333,0.05,0.0,62,1,1,-1,1,-1,1,-1,0.2,0.157894736842,0.111111111111,0.363636363636,0.0,0.142857142857,0.111111111111,33,30,1.33,5.5,11,1
-1,0,1,-1,-1,0,1,0.047619047619,0.133333333333,0.230769230769,0.181818181818,0.0588235294118,0.0,0.176470588235,34,1,0,-1,1,-1,1,1,0.153846153846,0.142857142857,0.166666666667,0.16,0.0,0.04,0.0833333333333,55,31,3.5,3.5,2.2,1
0,-1,1,-1,1,-1,-1,0.0,0.0,0.307692307692,0.0,0.1,0.111111111111,0.0,40,0,1,1,1,1,-1,-1,0.0833333333333,0.047619047619,0.125,0.12,0.181818181818,0.133333333333,0.0,57,31,3.4,3.4,2.3,-1
-1,-1,1,-1,-1,1,-1,0.142857142857,0.125,0.0555555555556,0.0769230769231,0.25,0.1,0.0,36,-1,-1,1,1,-1,1,0,0.142857142857,0.0,0.5,0.117647058824,0.0,0.166666666667,0.0,44,30,2.3,3.4,3.4,1
-1,0,0,-1,1,-1,1,0.1,0.181818181818,0.4,0.0769230769231,0.214285714286,0.0,0.153846153846,30,0,0,0,1,-1,0,0,0.125,0.0,0.0,0.2,0.0,0.0,0.142857142857,34,30,1.95,3.6,4.33,1
0,1,0,-1,-1,1,1,0.0,0.181818181818,0.136363636364,0.0,0.0909090909091,0.166666666667,0.181818181818,51,0,-1,1,-1,-1,-1,0,0.222222222222,0.0,0.153846153846,0.0,0.0,0.142857142857,0.0,34,30,1.57,3.9,7.5,1
-1,0,1,-1,-1,1,1,0.1,0.375,0.285714285714,0.2,0.0,0.111111111111,0.3,30,0,0,-1,1,1,1,-1,0.2,0.0952380952381,0.0,0.151515151515,0.5,0.3,0.125,48,31,5,4,1.75,-1
-1,1,-1,0,1,0,1,0.0,0.230769230769,0.0,0.0,0.05,0.285714285714,0.166666666667,39,0,0,-1,-1,1,1,-1,0.0,0.0,0.0714285714286,0.0,0.4,0.2,0.111111111111,23,30,2,3.6,4,1
1,-1,-1,-1,-1,-1,-1,0.222222222222,0.2,0.0,0.0833333333333,0.1,0.0,0.25,23,0,1,-1,-1,0,1,1,0.133333333333,0.230769230769,0.181818181818,0.0588235294118,0.0,0.176470588235,0.153846153846,37,32,3.3,3.6,2.25,-1
0,0,1,-1,0,0,-1,0.0,0.0,0.2,0.0,0.0,0.142857142857,0.0,35,-1,1,-1,1,-1,-1,-1,0.0,0.307692307692,0.0,0.1,0.111111111111,0.0,0.0909090909091,41,32,2.63,3.3,2.9,0
-1,1,-1,-1,-1,0,-1,0.0,0.153846153846,0.0,0.0,0.142857142857,0.0,0.0,34,0,1,-1,-1,1,1,-1,0.375,0.285714285714,0.2,0.0,0.111111111111,0.3,0.1,33,32,2.1,3.4,4,-1
-1,1,1,-1,1,0,-1,0.0,0.5,0.117647058824,0.0,0.166666666667,0.0,0.0588235294118,44,0,1,1,1,-1,1,1,0.142857142857,0.0666666666667,0.0555555555556,0.0833333333333,0.1,0.133333333333,0.173913043478,56,32,4.1,3.7,1.95,-1
0,-1,1,1,1,-1,1,0.0952380952381,0.0,0.151515151515,0.5,0.3,0.125,0.125,49,-1,1,-1,-1,1,-1,1,0.125,0.0555555555556,0.0769230769231,0.25,0.1,0.0,0.214285714286,37,32,1.36,5.5,9,0
1,1,1,1,-1,-1,1,0.047619047619,0.125,0.12,0.181818181818,0.133333333333,0.0,0.222222222222,58,1,0,-1,-1,1,1,1,0.181818181818,0.136363636364,0.0,0.0909090909091,0.166666666667,0.181818181818,0.0666666666667,52,32,2.2,3.4,3.6,0
0,-1,1,-1,1,1,-1,0.142857142857,0.166666666667,0.16,0.0,0.04,0.0833333333333,0.142857142857,58,-1,-1,-1,0,-1,0,-1,0.1,0.0,0.1,0.166666666667,0.142857142857,0.0625,0.0,31,31,1.36,5,11,1
1,-1,1,-1,1,-1,-1,0.157894736842,0.111111111111,0.363636363636,0.0,0.142857142857,0.111111111111,0.0,36,1,-1,0,1,0,1,1,0.230769230769,0.0,0.0,0.05,0.285714285714,0.166666666667,0.333333333333,39,32,2.1,3.5,3.8,1
0,-1,-1,1,1,-1,-1,0.0,0.0714285714286,0.0,0.4,0.2,0.111111111111,0.105263157895,24,0,0,-1,1,-1,1,1,0.181818181818,0.4,0.0769230769231,0.214285714286,0.0,0.153846153846,0.0769230769231,31,32,2.38,3.4,3.25,0
1,1,1,1,1,1,1,0.181818181818,0.0769230769231,0.2,0.153846153846,0.307692307692,0.0588235294118,0.1,77,0,0,-1,1,1,-1,1,0.0,0.222222222222,0.142857142857,0.133333333333,0.05,0.0,0.210526315789,65,31,2.3,3.5,3.3,-1
1,1,1,-1,1,1,1,0.0666666666667,0.0555555555556,0.0833333333333,0.1,0.133333333333,0.173913043478,0.181818181818,59,0,1,-1,0,0,-1,0,0.0,0.2,0.0,0.0,0.142857142857,0.0,0.166666666667,35,32,1.25,6.5,14,1
1,-1,-1,1,1,-1,1,0.285714285714,0.2,0.0,0.111111111111,0.3,0.1,0.272727272727,34,-1,0,1,0,1,1,-1,0.0,0.0,0.05,0.285714285714,0.166666666667,0.333333333333,0.0,40,33,2.3,3.3,3.5,0
0,-1,-1,1,1,1,0,0.136363636364,0.0,0.0909090909091,0.166666666667,0.181818181818,0.0666666666667,0.222222222222,55,-1,-1,1,1,-1,-1,0,0.0714285714286,0.0,0.4,0.2,0.111111111111,0.105263157895,0.166666666667,24,32,1.44,4.75,8,1
-1,-1,-1,-1,-1,-1,-1,0.2,0.0,0.0833333333333,0.1,0.0,0.25,0.0,24,-1,1,1,1,-1,1,0,0.0,0.151515151515,0.5,0.3,0.125,0.125,0.0,50,33,8,4.75,1.45,0
1,-1,-1,0,1,1,1,0.230769230769,0.181818181818,0.0588235294118,0.0,0.176470588235,0.153846153846,0.166666666667,38,1,-1,-1,1,-1,1,0,0.0555555555556,0.0769230769231,0.25,0.1,0.0,0.214285714286,0.0,38,33,1.91,3.75,4.2,0
-1,1,-1,1,-1,-1,1,0.111111111111,0.363636363636,0.0,0.142857142857,0.111111111111,0.0,0.05,36,-1,-1,0,-1,0,-1,-1,0.0,0.1,0.166666666667,0.142857142857,0.0625,0.0,0.142857142857,34,33,1.95,3.5,4.5,-1
1,-1,-1,-1,0,-1,-1,0.153846153846,0.0,0.0,0.142857142857,0.0,0.0,0.166666666667,34,1,1,1,1,1,1,-1,0.0769230769231,0.2,0.153846153846,0.307692307692,0.0588235294118,0.1,0.0625,80,33,7,3.9,1.6,-1
1,1,-1,1,1,1,1,0.0555555555556,0.0833333333333,0.1,0.133333333333,0.173913043478,0.181818181818,0.3,60,-1,-1,1,1,1,0,1,0.0,0.0909090909091,0.166666666667,0.181818181818,0.0666666666667,0.222222222222,0.142857142857,56,33,1.75,3.9,5,0
0,-1,1,1,-1,1,1,0.222222222222,0.142857142857,0.133333333333,0.05,0.0,0.210526315789,0.222222222222,68,0,-1,1,-1,1,1,0,0.4,0.0769230769231,0.214285714286,0.0,0.153846153846,0.0769230769231,0.0625,31,32,1.25,6.5,14,1
-1,-1,1,-1,1,0,0,0.0769230769231,0.25,0.1,0.0,0.214285714286,0.0,0.166666666667,39,1,1,1,1,1,-1,1,0.2,0.153846153846,0.307692307692,0.0588235294118,0.1,0.0625,0.222222222222,81,33,5.5,3.9,1.7,0
0,1,0,1,1,-1,0,0.0,0.05,0.285714285714,0.166666666667,0.333333333333,0.0,0.125,40,-1,1,-1,1,1,-1,1,0.166666666667,0.16,0.0,0.04,0.0833333333333,0.142857142857,0.142857142857,61,33,4.75,3.8,1.8,-1
1,0,1,1,-1,0,-1,0.05,0.285714285714,0.166666666667,0.333333333333,0.0,0.125,0.0,40,1,-1,1,1,1,1,0,0.0833333333333,0.1,0.133333333333,0.173913043478,0.181818181818,0.3,0.0,63,34,5,4,1.75,-1
1,-1,0,0,-1,0,-1,0.2,0.0,0.0,0.142857142857,0.0,0.166666666667,0.2,38,-1,-1,-1,-1,-1,-1,0,0.0,0.0833333333333,0.1,0.0,0.25,0.0,0.0,24,34,1.75,3.8,5.25,1
-1,1,1,-1,-1,0,-1,0.0,0.4,0.2,0.111111111111,0.105263157895,0.166666666667,0.0,24,-1,-1,-1,0,-1,-1,-1,0.0,0.0,0.142857142857,0.0,0.0,0.166666666667,0.0,37,34,2.25,3.4,3.5,-1
-1,0,-1,0,-1,-1,1,0.1,0.166666666667,0.142857142857,0.0625,0.0,0.142857142857,0.375,37,-1,1,1,1,0,1,0,0.0909090909091,0.166666666667,0.181818181818,0.0666666666667,0.222222222222,0.142857142857,0.0,56,34,3.4,3.4,2.3,1
1,-1,1,-1,-1,-1,0,0.307692307692,0.0,0.1,0.111111111111,0.0,0.0909090909091,0.125,42,-1,-1,0,1,1,1,0,0.181818181818,0.0588235294118,0.0,0.176470588235,0.153846153846,0.166666666667,0.0666666666667,39,33,2.38,3.5,3.1,0
1,1,-1,1,0,-1,-1,0.5,0.117647058824,0.0,0.166666666667,0.0,0.0588235294118,0.0625,45,1,-1,1,-1,-1,1,-1,0.363636363636,0.0,0.142857142857,0.111111111111,0.0,0.05,0.0,37,33,2.25,3.5,3.4,0
-1,1,-1,1,0,0,0,0.25,0.1,0.0,0.214285714286,0.0,0.166666666667,0.2,42,-1,1,-1,1,1,0,-1,0.0769230769231,0.214285714286,0.0,0.153846153846,0.0769230769231,0.0625,0.0,31,34,2.3,3.5,3.3,1
1,1,1,-1,-1,1,0,0.125,0.12,0.181818181818,0.133333333333,0.0,0.222222222222,0.105263157895,61,-1,1,1,-1,1,1,1,0.142857142857,0.133333333333,0.05,0.0,0.210526315789,0.222222222222,0.1,68,33,3.25,3.6,2.3,1
1,1,1,-1,1,0,0,0.151515151515,0.5,0.3,0.125,0.125,0.0,0.0,51,1,-1,1,1,-1,1,1,0.16,0.0,0.04,0.0833333333333,0.142857142857,0.142857142857,0.230769230769,62,34,2.15,3.6,3.6,0
1,1,1,1,-1,1,0,0.153846153846,0.307692307692,0.0588235294118,0.1,0.0625,0.222222222222,0.133333333333,84,-1,-1,1,1,-1,1,0,0.2,0.0,0.111111111111,0.3,0.1,0.272727272727,0.0666666666667,34,34,1.25,6.75,13,1
1,1,-1,1,1,1,-1,0.133333333333,0.05,0.0,0.210526315789,0.222222222222,0.1,0.0909090909091,71,1,-1,1,0,0,0,1,0.1,0.0,0.214285714286,0.0,0.166666666667,0.2,0.117647058824,42,34,1.29,6,12,1
1,1,1,0,1,0,-1,0.166666666667,0.181818181818,0.0666666666667,0.222222222222,0.142857142857,0.0,0.0,59,0,1,1,-1,0,-1,-1,0.285714285714,0.166666666667,0.333333333333,0.0,0.125,0.0,0.0,40,35,1.5,4.5,7.5,1
-1,0,1,1,1,0,0,0.0588235294118,0.0,0.176470588235,0.153846153846,0.166666666667,0.0666666666667,0.0,39,1,-1,1,0,-1,-1,0,0.117647058824,0.0,0.166666666667,0.0,0.0588235294118,0.0625,0.125,48,35,1.85,3.75,4.6,-1
-1,-1,0,-1,-1,-1,1,0.0,0.142857142857,0.0,0.0,0.166666666667,0.0,0.181818181818,40,-1,0,0,-1,0,-1,1,0.0,0.0,0.142857142857,0.0,0.166666666667,0.2,0.105263157895,38,35,2.25,3.3,3.6,1
1,-1,1,1,0,-1,-1,0.214285714286,0.0,0.153846153846,0.0769230769231,0.0625,0.0,0.0,32,1,1,-1,-1,1,0,1,0.12,0.181818181818,0.133333333333,0.0,0.222222222222,0.105263157895,0.272727272727,62,34,3.8,3.6,2.05,0
-1,1,-1,-1,1,-1,0,0.0,0.142857142857,0.111111111111,0.0,0.05,0.0,0.1,37,1,1,-1,1,0,0,0,0.5,0.3,0.125,0.125,0.0,0.0,0.0869565217391,54,35,2.88,3.6,2.5,-1
-1,-1,-1,-1,-1,0,-1,0.0833333333333,0.1,0.0,0.25,0.0,0.0,0.0714285714286,25,1,1,-1,-1,0,-1,-1,0.4,0.2,0.111111111111,0.105263157895,0.166666666667,0.0,0.0,25,35,2.55,3.5,2.88,0
-1,1,1,-1,1,1,0,0.0,0.04,0.0833333333333,0.142857142857,0.142857142857,0.230769230769,0.222222222222,65,-1,1,-1,-1,-1,0,0,0.0,0.1,0.111111111111,0.0,0.0909090909091,0.125,0.0,42,34,1.36,5.5,9,1
-1,1,1,1,1,0,1,0.1,0.133333333333,0.173913043478,0.181818181818,0.3,0.0,0.1,64,1,1,1,-1,1,0,1,0.307692307692,0.0588235294118,0.1,0.0625,0.222222222222,0.133333333333,0.3,85,35,2.25,3.6,3.3,0
-1,1,1,-1,1,0,-1,0.0,0.111111111111,0.3,0.1,0.272727272727,0.0666666666667,0.0,37,0,-1,0,-1,-1,1,1,0.166666666667,0.142857142857,0.0625,0.0,0.142857142857,0.375,0.125,37,35,2.3,3.4,3.4,1
1,1,-1,0,-1,-1,-1,0.166666666667,0.333333333333,0.0,0.125,0.0,0.0,0.0,40,-1,-1,-1,-1,0,-1,0,0.1,0.0,0.25,0.0,0.0,0.0714285714286,0.0,28,36,1.73,3.9,5.25,-1
0,0,-1,0,-1,1,-1,0.0,0.142857142857,0.0,0.166666666667,0.2,0.105263157895,0.0,38,1,1,-1,1,0,-1,1,0.111111111111,0.3,0.1,0.272727272727,0.0666666666667,0.0,0.333333333333,40,36,2.55,3.3,3,-1
1,-1,-1,-1,0,0,-1,0.1,0.111111111111,0.0,0.0909090909091,0.125,0.0,0.0,43,1,-1,1,1,1,-1,1,0.05,0.0,0.210526315789,0.222222222222,0.1,0.0909090909091,0.125,72,35,5.25,3.8,1.75,0
-1,1,0,-1,-1,0,1,0.0,0.166666666667,0.0,0.0588235294118,0.0625,0.125,0.272727272727,48,-1,1,1,0,-1,-1,0,0.0,0.153846153846,0.0769230769231,0.0625,0.0,0.0,0.333333333333,35,35,2.45,3.5,3,-1
-1,1,0,0,0,1,-1,0.0,0.214285714286,0.0,0.166666666667,0.2,0.117647058824,0.111111111111,43,1,-1,-1,1,-1,0,-1,0.142857142857,0.111111111111,0.0,0.05,0.0,0.1,0.0,38,36,2.38,3.4,3.25,0
1,-1,-1,1,0,1,0,0.181818181818,0.133333333333,0.0,0.222222222222,0.105263157895,0.272727272727,0.142857142857,65,0,1,1,1,0,0,-1,0.0,0.176470588235,0.153846153846,0.166666666667,0.0666666666667,0.0,0.0,39,35,1.44,4.75,8,1
1,-1,-1,0,-1,-1,0,0.2,0.111111111111,0.105263157895,0.166666666667,0.0,0.0,0.0,25,1,1,1,1,0,1,0,0.133333333333,0.173913043478,0.181818181818,0.3,0.0,0.1,0.0526315789474,67,36,8,4.75,1.44,-1
1,-1,1,0,0,0,1,0.3,0.125,0.125,0.0,0.0,0.0869565217391,0.545454545455,55,1,1,0,1,0,-1,1,0.181818181818,0.0666666666667,0.222222222222,0.142857142857,0.0,0.0,0.0588235294118,60,36,1.95,3.6,4.2,0
1,1,-1,1,0,1,0,0.0588235294118,0.1,0.0625,0.222222222222,0.133333333333,0.3,0.1,85,1,1,-1,1,1,0,1,0.04,0.0833333333333,0.142857142857,0.142857142857,0.230769230769,0.222222222222,0.0952380952381,68,36,2.2,3.5,3.5,-1
-1,0,-1,-1,1,1,-1,0.142857142857,0.0625,0.0,0.142857142857,0.375,0.125,0.142857142857,38,-1,0,-1,-1,-1,1,1,0.142857142857,0.0,0.0,0.166666666667,0.0,0.181818181818,0.0833333333333,41,36,2.1,3.3,4,0
-1,1,1,1,-1,1,0,0.0,0.210526315789,0.222222222222,0.1,0.0909090909091,0.125,0.0,75,1,0,-1,-1,0,1,-1,0.166666666667,0.0,0.0588235294118,0.0625,0.125,0.272727272727,0.117647058824,48,36,1.4,5,9,1
1,1,0,-1,-1,0,1,0.153846153846,0.0769230769231,0.0625,0.0,0.0,0.333333333333,0.230769230769,35,-1,-1,-1,0,0,-1,0,0.111111111111,0.0,0.0909090909091,0.125,0.0,0.0,0.0,46,36,1.83,3.75,4.75,-1
1,-1,1,1,0,1,1,0.0833333333333,0.142857142857,0.142857142857,0.230769230769,0.222222222222,0.0952380952381,0.0666666666667,69,-1,-1,1,0,1,0,1,0.133333333333,0.0,0.222222222222,0.105263157895,0.272727272727,0.142857142857,0.142857142857,66,36,1.95,3.75,4,0
1,-1,1,0,-1,1,1,0.3,0.1,0.272727272727,0.0666666666667,0.0,0.333333333333,0.166666666667,40,-1,1,1,0,1,1,0,0.142857142857,0.142857142857,0.230769230769,0.222222222222,0.0952380952381,0.0666666666667,0.133333333333,72,37,4.5,3.8,1.85,-1
0,-1,-1,-1,1,1,0,0.0,0.0,0.166666666667,0.0,0.181818181818,0.0833333333333,0.0909090909091,41,-1,1,0,1,0,1,0,0.0,0.222222222222,0.105263157895,0.272727272727,0.142857142857,0.142857142857,0.153846153846,69,37,4.5,3.6,1.91,-1
1,0,1,0,-1,1,0,0.0666666666667,0.222222222222,0.142857142857,0.0,0.0,0.0588235294118,0.0,63,1,0,0,0,1,-1,0,0.214285714286,0.0,0.166666666667,0.2,0.117647058824,0.111111111111,0.0,43,37,1.5,4.5,7.5,1
1,-1,0,-1,-1,-1,-1,0.333333333333,0.0,0.125,0.0,0.0,0.0,0.111111111111,40,-1,1,0,0,0,1,0,0.125,0.125,0.0,0.0,0.0869565217391,0.545454545455,0.0,58,37,3.9,3.6,2.05,-1
0,-1,0,-1,1,-1,-1,0.142857142857,0.0,0.166666666667,0.2,0.105263157895,0.0,0.111111111111,41,0,-1,-1,0,1,-1,-1,0.0,0.0588235294118,0.0625,0.125,0.272727272727,0.117647058824,0.0,48,37,2.2,3.4,3.6,1
-1,-1,0,-1,-1,0,-1,0.111111111111,0.105263157895,0.166666666667,0.0,0.0,0.0,0.0,25,-1,-1,1,-1,0,-1,0,0.111111111111,0.0,0.05,0.0,0.1,0.0,0.0,41,37,3.4,3.4,2.3,-1
0,-1,-1,1,1,-1,0,0.0625,0.0,0.142857142857,0.375,0.125,0.142857142857,0.0714285714286,39,1,1,1,0,0,-1,-1,0.176470588235,0.153846153846,0.166666666667,0.0666666666667,0.0,0.0,0.0,40,37,2.8,3.2,2.8,0
1,-1,1,0,1,0,-1,0.1,0.0625,0.222222222222,0.133333333333,0.3,0.1,0.0,88,-1,-1,0,0,-1,0,1,0.0,0.0909090909091,0.125,0.0,0.0,0.0,0.3,46,37,1.3,5.75,12,1
1,1,1,0,1,0,1,0.173913043478,0.181818181818,0.3,0.0,0.1,0.0526315789474,0.0769230769231,70,1,0,-1,-1,0,1,-1,0.0769230769231,0.0625,0.0,0.0,0.333333333333,0.230769230769,0.142857142857,35,37,1.4,5.5,8,1
-1,-1,-1,0,-1,0,1,0.0,0.25,0.0,0.0,0.0714285714286,0.0,0.2,28,1,1,1,-1,1,0,1,0.210526315789,0.222222222222,0.1,0.0909090909091,0.125,0.0,0.047619047619,78,37,6,4.33,1.6,-1
1,1,0,1,1,0,1,0.142857142857,0.230769230769,0.222222222222,0.0952380952381,0.0666666666667,0.133333333333,0.181818181818,75,0,1,0,-1,1,0,1,0.222222222222,0.142857142857,0.0,0.0,0.0588235294118,0.0,0.0869565217391,63,38,1.7,4,5.5,1
1,0,0,0,1,0,1,0.125,0.0,0.0,0.0869565217391,0.545454545455,0.0,0.15,61,-1,0,-1,-1,0,-1,-1,0.105263157895,0.166666666667,0.0,0.0,0.0,0.0,0.125,25,38,1.25,7,12,1
1,1,-1,1,0,1,1,0.222222222222,0.1,0.0909090909091,0.125,0.0,0.047619047619,0.0740740740741,78,-1,0,-1,1,-1,-1,1,0.0,0.166666666667,0.2,0.105263157895,0.0,0.111111111111,0.363636363636,44,38,1.33,5.5,11,-1
-1,1,-1,0,-1,0,1,0.0,0.05,0.0,0.1,0.0,0.0,0.2,41,1,1,0,1,0,1,1,0.181818181818,0.3,0.0,0.1,0.0526315789474,0.0769230769231,0.210526315789,73,38,6,4.6,1.55,-1
1,1,0,0,-1,-1,0,0.153846153846,0.166666666667,0.0666666666667,0.0,0.0,0.0,0.0666666666667,41,-1,-1,-1,1,1,0,-1,0.0,0.166666666667,0.0,0.181818181818,0.0833333333333,0.0909090909091,0.166666666667,42,38,1.75,3.8,5.25,0
-1,0,0,-1,0,1,-1,0.0909090909091,0.125,0.0,0.0,0.0,0.3,0.2,46,-1,0,-1,-1,-1,-1,-1,0.0,0.125,0.0,0.0,0.0,0.111111111111,0.1,43,38,1.8,3.8,4.75,-1
1,0,1,0,1,0,1,0.222222222222,0.105263157895,0.272727272727,0.142857142857,0.142857142857,0.153846153846,0.0869565217391,72,-1,-1,1,1,-1,0,0,0.0,0.142857142857,0.375,0.125,0.142857142857,0.0714285714286,0.2,39,38,1.29,6,12,1
-1,-1,0,1,-1,-1,-1,0.0588235294118,0.0625,0.125,0.272727272727,0.117647058824,0.0,0.0,49,-1,1,0,1,0,-1,1,0.0625,0.222222222222,0.133333333333,0.3,0.1,0.0,0.125,89,38,4.5,3.9,1.83,0
0,0,0,1,-1,0,-1,0.0,0.166666666667,0.2,0.117647058824,0.111111111111,0.0,0.0,46,-1,-1,0,-1,0,1,-1,0.25,0.0,0.0,0.0714285714286,0.0,0.2,0.0,28,38,1.67,4,5.75,1
0,-1,-1,0,1,-1,-1,0.0625,0.0,0.0,0.333333333333,0.230769230769,0.142857142857,0.1,36,-1,1,0,-1,1,1,-1,0.1,0.272727272727,0.0666666666667,0.0,0.333333333333,0.166666666667,0.0833333333333,41,38,2.15,3.6,3.6,0
