1,1,0,-1,1,-1,1,0.222222222222,0.166666666667,0.0,0.0,0.333333333333,0.0666666666667,0.0833333333333,16,1,0,0,0,1,0,-1,0.2,0.0833333333333,0.0,0.0625,0.181818181818,0.125,0.0,10,8,1.5,4,7,1
0,0,-1,1,1,1,-1,0.111111111111,0.111111111111,0.0526315789474,0.166666666667,0.555555555556,0.0869565217391,0.0,12,-1,-1,0,-1,-1,1,-1,0.0,0.0769230769231,0.0,0.0833333333333,0.0714285714286,0.333333333333,0.0,5,8,1.22,6.5,11,0
0,-1,1,-1,-1,-1,1,0.107142857143,0.0,0.0666666666667,0.2,0.0,0.166666666667,0.0909090909091,8,1,1,-1,-1,-1,1,1,0.153846153846,0.15,0.166666666667,0.0,0.142857142857,0.2,0.363636363636,13,8,4.2,3.6,1.83,0
-1,0,1,-1,0,0,-1,0.0,0.0769230769231,0.125,0.0,0.0,0.0769230769231,0.117647058824,9,0,-1,-1,1,-1,1,1,0.0588235294118,0.153846153846,0.0,0.111111111111,0.0,0.25,0.15,10,8,2.1,3.4,3.4,1
0,1,1,1,1,0,1,0.153846153846,0.0714285714286,0.416666666667,0.0625,0.2,0.0,0.0769230769231,20,-1,0,-1,0,1,-1,-1,0.0714285714286,0.047619047619,0.0,0.0,0.1,0.2,0.0,5,8,1.4,4.5,8,1
0,0,1,-1,1,1,-1,0.25,0.125,0.117647058824,0.0,0.2,0.375,0.0,14,0,-1,0,1,1,1,1,0.111111111111,0.0,0.0,0.0909090909091,0.142857142857,0.173913043478,0.3125,14,8,4,3.6,1.85,1
0,1,-1,1,-1,-1,-1,0.3,0.1,0.0,0.117647058824,0.0,0.153846153846,0.0,7,1,-1,0,0,-1,0,-1,0.0416666666667,0.0833333333333,0.0769230769231,0.0714285714286,0.125,0.0909090909091,0.0,9,8,2.9,3.3,2.38,-1
1,-1,-1,-1,-1,-1,-1,0.1,0.047619047619,0.0,0.111111111111,0.125,0.0,0.142857142857,3,0,1,1,1,1,0,1,0.0714285714286,0.222222222222,0.148148148148,0.166666666667,0.166666666667,0.05,0.0714285714286,20,8,5,3.75,1.67,-1
-1,1,0,0,-1,-1,1,0.0,0.307692307692,0.0625,0.0,0.0714285714286,0.0,0.15,8,-1,0,1,1,0,0,1,0.0909090909091,0.1,0.15,0.166666666667,0.0,0.0,0.1875,15,8,2.5,3.4,2.7,-1
0,0,0,1,0,-1,-1,0.0833333333333,0.0,0.0625,0.181818181818,0.125,0.0,0.0,13,0,1,-1,0,0,-1,1,0.0769230769231,0.125,0.0,0.0,0.0769230769231,0.117647058824,0.263157894737,9,9,2.2,3.4,3.2,1
-1,0,-1,-1,1,-1,0,0.0769230769231,0.0,0.0833333333333,0.0714285714286,0.333333333333,0.0,0.0,8,0,1,-1,1,1,-1,1,0.125,0.117647058824,0.0,0.2,0.375,0.0,0.5,14,9,2.15,3.4,3.25,1
-1,-1,1,-1,1,1,-1,0.153846153846,0.0,0.111111111111,0.0,0.25,0.15,0.142857142857,10,0,-1,1,1,1,-1,0,0.111111111111,0.0526315789474,0.166666666667,0.555555555556,0.0869565217391,0.0,0.0,15,9,6,3.8,1.57,-1
1,1,1,1,0,1,1,0.222222222222,0.148148148148,0.166666666667,0.166666666667,0.05,0.0714285714286,0.272727272727,21,1,1,1,1,0,1,1,0.0714285714286,0.416666666667,0.0625,0.2,0.0,0.0769230769231,0.222222222222,21,9,2.15,3.4,3.25,0
0,-1,0,1,-1,-1,-1,0.047619047619,0.0,0.0,0.1,0.2,0.0,0.0,8,-1,-1,-1,-1,-1,-1,-1,0.047619047619,0.0,0.111111111111,0.125,0.0,0.142857142857,0.0833333333333,3,9,2.15,3.4,3.25,1
1,0,0,-1,-1,1,-1,0.307692307692,0.0625,0.0,0.0714285714286,0.0,0.15,0.0,8,1,0,-1,1,-1,1,1,0.166666666667,0.0,0.0,0.333333333333,0.0666666666667,0.0833333333333,0.2,19,9,2.5,3.3,2.75,-1
0,1,1,0,0,1,1,0.1,0.15,0.166666666667,0.0,0.0,0.1875,0.181818181818,18,-1,0,1,1,1,1,-1,0.0,0.0,0.0909090909091,0.142857142857,0.173913043478,0.3125,0.0714285714286,14,9,1.83,3.4,4,1
-1,0,0,-1,0,-1,1,0.0833333333333,0.0769230769231,0.0714285714286,0.125,0.0909090909091,0.0,0.05,12,-1,1,-1,-1,-1,1,0,0.0,0.0666666666667,0.2,0.0,0.166666666667,0.0909090909091,0.1,8,9,1.57,3.8,6,1
1,-1,-1,-1,1,1,0,0.15,0.166666666667,0.0,0.142857142857,0.2,0.363636363636,0.0454545454545,16,1,-1,1,-1,-1,-1,-1,0.1,0.0,0.117647058824,0.0,0.153846153846,0.0,0.0,7,9,1.33,5,8.5,1
1,1,1,0,1,1,0,0.416666666667,0.0625,0.2,0.0,0.0769230769231,0.222222222222,0.0,22,0,0,-1,0,-1,1,1,0.0769230769231,0.0714285714286,0.125,0.0909090909091,0.0,0.05,0.111111111111,13,10,1.8,3.5,4.5,0
-1,1,1,1,-1,0,1,0.0526315789474,0.166666666667,0.555555555556,0.0869565217391,0.0,0.0,0.153846153846,18,0,0,1,0,-1,-1,1,0.0,0.0625,0.181818181818,0.125,0.0,0.0,0.125,13,10,1.25,5.5,12,1
1,-1,0,0,-1,1,-1,0.125,0.0,0.0,0.0769230769231,0.117647058824,0.263157894737,0.0909090909091,12,0,0,-1,-1,1,-1,-1,0.0625,0.0,0.0714285714286,0.0,0.15,0.0,0.0666666666667,8,10,2.8,3.4,2.4,1
0,1,1,1,1,-1,-1,0.0,0.0909090909091,0.142857142857,0.173913043478,0.3125,0.0714285714286,0.0,17,-1,0,1,-1,-1,-1,1,0.0,0.0,0.1,0.2,0.0,0.0,0.166666666667,8,10,1.44,4.75,7.5,1
1,-1,1,1,-1,1,-1,0.117647058824,0.0,0.2,0.375,0.0,0.5,0.0,17,-1,1,-1,1,1,-1,-1,0.0,0.111111111111,0.0,0.25,0.15,0.142857142857,0.1,10,10,2.1,3.4,3.4,1
-1,1,-1,-1,-1,-1,-1,0.0,0.117647058824,0.0,0.153846153846,0.0,0.0,0.0588235294118,8,0,-1,-1,1,-1,0,1,0.0,0.0833333333333,0.0714285714286,0.333333333333,0.0,0.0,0.0833333333333,9,10,2.2,3.3,3.25,0
1,-1,-1,-1,1,0,-1,0.0666666666667,0.2,0.0,0.166666666667,0.0909090909091,0.1,0.0,8,1,1,0,0,1,1,1,0.15,0.166666666667,0.0,0.0,0.1875,0.181818181818,0.117647058824,21,10,5,3.75,1.67,-1
-1,-1,-1,-1,-1,-1,-1,0.0,0.111111111111,0.125,0.0,0.142857142857,0.0833333333333,0.0,4,-1,-1,-1,1,1,0,1,0.166666666667,0.0,0.142857142857,0.2,0.363636363636,0.0454545454545,0.111111111111,17,10,4.75,3.6,1.73,0
0,-1,1,-1,1,1,1,0.0,0.0,0.333333333333,0.0666666666667,0.0833333333333,0.2,0.2,20,1,1,1,0,1,1,0,0.148148148148,0.166666666667,0.166666666667,0.05,0.0714285714286,0.272727272727,0.0,22,10,2.2,3.3,3.25,0
0,-1,0,-1,1,1,0,0.0714285714286,0.125,0.0909090909091,0.0,0.05,0.111111111111,0.25,16,-1,-1,-1,-1,-1,-1,0,0.111111111111,0.125,0.0,0.142857142857,0.0833333333333,0.0,0.0,4,11,1.53,4,6,1
-1,-1,1,-1,0,1,0,0.0833333333333,0.0714285714286,0.333333333333,0.0,0.0,0.0833333333333,0.0,9,-1,0,0,-1,1,-1,1,0.0,0.0,0.0769230769231,0.117647058824,0.263157894737,0.0909090909091,0.2,15,11,2.1,3.4,3.4,-1
1,1,0,1,1,0,0,0.166666666667,0.166666666667,0.05,0.0714285714286,0.272727272727,0.0,0.333333333333,22,1,-1,-1,-1,-1,-1,0,0.117647058824,0.0,0.153846153846,0.0,0.0,0.0588235294118,0.0,11,11,1.33,4.75,9.5,-1
0,1,-1,-1,-1,1,-1,0.0,0.1,0.2,0.0,0.0,0.166666666667,0.0,9,1,0,0,1,1,1,1,0.166666666667,0.0,0.0,0.1875,0.181818181818,0.117647058824,0.266666666667,22,11,5.5,3.75,1.62,0
-1,1,-1,1,1,1,0,0.0,0.333333333333,0.0666666666667,0.0833333333333,0.2,0.2,0.157894736842,21,1,1,0,1,1,0,0,0.0625,0.2,0.0,0.0769230769231,0.222222222222,0.0,0.0625,23,11,2.38,3.4,2.88,0
0,-1,-1,1,-1,-1,-1,0.0,0.0714285714286,0.0,0.15,0.0,0.0666666666667,0.0,9,1,1,1,-1,0,1,1,0.166666666667,0.555555555556,0.0869565217391,0.0,0.0,0.153846153846,0.0869565217391,19,11,4.5,3.5,1.8,0
-1,-1,1,1,0,1,0,0.0,0.142857142857,0.2,0.363636363636,0.0454545454545,0.111111111111,0.0,18,-1,1,1,-1,1,-1,1,0.0,0.2,0.375,0.0,0.5,0.0,0.272727272727,18,11,1.44,4.33,7,0
0,1,0,-1,-1,1,-1,0.0625,0.181818181818,0.125,0.0,0.0,0.125,0.142857142857,16,-1,-1,-1,1,0,-1,-1,0.2,0.0,0.166666666667,0.0909090909091,0.1,0.0,0.0714285714286,8,11,1.83,3.5,4.33,1
1,-1,1,1,-1,-1,-1,0.111111111111,0.0,0.25,0.15,0.142857142857,0.1,0.0,10,1,1,1,1,-1,-1,1,0.0909090909091,0.142857142857,0.173913043478,0.3125,0.0714285714286,0.0,0.25,20,11,3.6,3.5,2,-1
1,0,1,1,0,0,0,0.2,0.0,0.0769230769231,0.222222222222,0.0,0.0625,0.153846153846,26,1,0,-1,-1,1,-1,1,0.181818181818,0.125,0.0,0.0,0.125,0.142857142857,0.153846153846,16,12,1.4,4.5,8,1
1,1,-1,0,1,1,0,0.555555555556,0.0869565217391,0.0,0.0,0.153846153846,0.0869565217391,0.0,20,1,-1,1,1,1,0,0,0.333333333333,0.0666666666667,0.0833333333333,0.2,0.2,0.157894736842,0.153846153846,22,12,1.67,3.75,5,0
-1,-1,1,0,-1,-1,-1,0.0,0.166666666667,0.0909090909091,0.1,0.0,0.0714285714286,0.2,8,-1,1,1,-1,-1,-1,-1,0.0,0.25,0.15,0.142857142857,0.1,0.0,0.0,13,12,2.25,3.4,3.1,-1
1,1,1,-1,-1,1,1,0.142857142857,0.173913043478,0.3125,0.0714285714286,0.0,0.25,0.0555555555556,20,-1,1,1,0,1,0,0,0.142857142857,0.2,0.363636363636,0.0454545454545,0.111111111111,0.0,0.1875,21,12,2.3,3.5,2.9,-1
1,1,-1,1,-1,1,0,0.2,0.375,0.0,0.5,0.0,0.272727272727,0.1875,21,1,-1,-1,-1,1,-1,0,0.1,0.2,0.0,0.0,0.166666666667,0.0,0.153846153846,9,12,2.1,3.4,3.4,1
-1,-1,-1,-1,-1,0,1,0.0,0.153846153846,0.0,0.0,0.0588235294118,0.0,0.230769230769,12,-1,-1,1,-1,-1,-1,0,0.0714285714286,0.0,0.15,0.0,0.0666666666667,0.0,0.0,10,12,2.75,3.3,2.5,0
0,0,-1,1,-1,1,1,0.0,0.0769230769231,0.117647058824,0.263157894737,0.0909090909091,0.2,0.0714285714286,16,1,0,1,1,0,0,-1,0.166666666667,0.05,0.0714285714286,0.272727272727,0.0,0.333333333333,0.142857142857,23,12,3.5,3.4,2.05,0
-1,-1,-1,-1,-1,0,-1,0.125,0.0,0.142857142857,0.0833333333333,0.0,0.0,0.0,4,-1,1,-1,0,1,0,-1,0.0714285714286,0.333333333333,0.0,0.0,0.0833333333333,0.0,0.0,12,12,2.05,3.4,3.5,-1
0,0,1,1,1,1,0,0.0,0.0,0.1875,0.181818181818,0.117647058824,0.266666666667,0.142857142857,23,-1,0,-1,1,1,0,1,0.125,0.0909090909091,0.0,0.05,0.111111111111,0.25,0.105263157895,17,12,1.62,3.8,5.5,0
0,-1,1,1,0,1,0,0.0909090909091,0.0,0.05,0.111111111111,0.25,0.105263157895,0.1,18,1,-1,1,-1,1,0,1,0.375,0.0,0.5,0.0,0.272727272727,0.1875,0.0714285714286,22,13,1.67,3.75,5,0
0,-1,-1,1,-1,1,-1,0.125,0.0,0.0,0.125,0.142857142857,0.153846153846,0.0,16,-1,-1,-1,-1,0,1,0,0.153846153846,0.0,0.0,0.0588235294118,0.0,0.230769230769,0.0,15,13,2.1,3.4,3.4,-1
1,-1,0,1,0,-1,1,0.333333333333,0.0,0.0,0.0833333333333,0.0,0.0,0.5,12,1,1,-1,-1,1,1,-1,0.173913043478,0.3125,0.0714285714286,0.0,0.25,0.0555555555556,0.05,23,13,3.5,3.3,2.1,-1
1,1,-1,-1,-1,-1,1,0.25,0.15,0.142857142857,0.1,0.0,0.0,0.105263157895,13,0,1,1,1,1,0,0,0.0,0.1875,0.181818181818,0.117647058824,0.266666666667,0.142857142857,0.0909090909091,26,13,4.5,3.5,1.8,-1
-1,1,1,1,0,0,0,0.0666666666667,0.0833333333333,0.2,0.2,0.157894736842,0.153846153846,0.142857142857,25,0,-1,1,-1,1,1,0,0.0769230769231,0.117647058824,0.263157894737,0.0909090909091,0.2,0.0714285714286,0.25,16,13,1.44,4.33,7,1
-1,1,-1,-1,-1,0,0,0.0,0.15,0.0,0.0666666666667,0.0,0.0,0.0,11,-1,-1,-1,-1,0,-1,-1,0.0,0.142857142857,0.0833333333333,0.0,0.0,0.0,0.0,5,13,1.62,3.75,5.5,0
1,1,0,1,0,0,1,0.2,0.363636363636,0.0454545454545,0.111111111111,0.0,0.1875,0.153846153846,21,-1,-1,-1,1,-1,0,-1,0.2,0.0,0.0,0.166666666667,0.0,0.153846153846,0.0,12,13,1.4,4.5,8,-1
1,-1,0,1,1,0,0,0.0869565217391,0.0,0.0,0.153846153846,0.0869565217391,0.0,0.0909090909091,21,0,1,1,0,0,0,1,0.0,0.0769230769231,0.222222222222,0.0,0.0625,0.153846153846,0.25,27,13,1.83,3.5,4.33,0
0,1,1,0,0,-1,0,0.05,0.0714285714286,0.272727272727,0.0,0.333333333333,0.142857142857,0.181818181818,23,-1,1,0,-1,-1,-1,-1,0.166666666667,0.0909090909091,0.1,0.0,0.0714285714286,0.2,0.1,11,13,1.36,4.75,8.5,-1
1,0,-1,-1,-1,-1,1,0.0909090909091,0.1,0.0,0.0714285714286,0.2,0.1,0.0909090909091,12,-1,0,1,0,-1,1,-1,0.0,0.0,0.0833333333333,0.0,0.0,0.5,0.0,13,14,2.25,3.25,3.2,0
-1,-1,-1,0,-1,-1,0,0.142857142857,0.0833333333333,0.0,0.0,0.0,0.0,0.142857142857,5,-1,-1,1,-1,1,-1,-1,0.0,0.0,0.125,0.142857142857,0.153846153846,0.0,0.05,19,14,2,3.4,3.8,-1
1,-1,-1,1,1,-1,1,0.3125,0.0714285714286,0.0,0.25,0.0555555555556,0.05,0.222222222222,23,-1,1,1,0,1,0,0,0.0,0.05,0.111111111111,0.25,0.105263157895,0.1,0.0,21,14,1.75,3.6,4.75,-1
-1,1,-1,1,0,1,0,0.0,0.5,0.0,0.272727272727,0.1875,0.0714285714286,0.0,23,1,1,0,0,-1,0,-1,0.0714285714286,0.272727272727,0.0,0.333333333333,0.142857142857,0.181818181818,0.0,24,14,3,3.3,2.38,0
-1,-1,-1,0,1,0,1,0.0,0.0,0.0588235294118,0.0,0.230769230769,0.0,0.25,18,1,1,1,0,0,0,1,0.0833333333333,0.2,0.2,0.157894736842,0.153846153846,0.142857142857,0.142857142857,25,14,3.4,3.4,2.1,1
-1,-1,1,-1,0,-1,1,0.0,0.0,0.166666666667,0.0,0.153846153846,0.0,0.130434782609,12,1,-1,-1,-1,-1,1,-1,0.15,0.142857142857,0.1,0.0,0.0,0.105263157895,0.0,16,14,2,3.4,3.7,-1
1,1,1,1,0,0,1,0.1875,0.181818181818,0.117647058824,0.266666666667,0.142857142857,0.0909090909091,0.272727272727,27,1,0,1,0,0,1,-1,0.363636363636,0.0454545454545,0.111111111111,0.0,0.1875,0.153846153846,0.111111111111,22,14,1.8,3.8,4,0
-1,1,-1,1,1,0,-1,0.117647058824,0.263157894737,0.0909090909091,0.2,0.0714285714286,0.25,0.0,16,-1,0,1,1,0,0,0,0.0,0.0,0.153846153846,0.0869565217391,0.0,0.0909090909091,0.142857142857,24,14,4.75,3.6,1.73,-1
1,1,0,0,0,1,0,0.0769230769231,0.222222222222,0.0,0.0625,0.153846153846,0.25,0.0909090909091,30,1,-1,-1,-1,0,0,0,0.15,0.0,0.0666666666667,0.0,0.0,0.0,0.037037037037,11,14,1.75,3.5,4.75,1
0,1,1,0,0,0,1,0.0,0.153846153846,0.0869565217391,0.0,0.0909090909091,0.142857142857,0.333333333333,27,-1,-1,0,1,0,1,1,0.0,0.0588235294118,0.0,0.230769230769,0.0,0.25,0.0833333333333,18,15,1.25,5.5,12,1
1,1,0,1,0,0,1,0.05,0.111111111111,0.25,0.105263157895,0.1,0.0,0.142857142857,24,-1,1,-1,0,-1,1,-1,0.0,0.166666666667,0.0,0.153846153846,0.0,0.130434782609,0.0,12,15,1.8,3.5,4.5,1
-1,1,-1,1,-1,-1,1,0.0,0.125,0.142857142857,0.153846153846,0.0,0.05,0.25,22,1,-1,1,0,1,0,0,0.5,0.0,0.272727272727,0.1875,0.0714285714286,0.0,0.0833333333333,23,15,2.2,3.25,3.3,1
1,0,0,-1,0,-1,0,0.272727272727,0.0,0.333333333333,0.142857142857,0.181818181818,0.0,0.0714285714286,25,-1,-1,1,1,-1,1,-1,0.0714285714286,0.0,0.25,0.0555555555556,0.05,0.222222222222,0.0714285714286,24,15,2.38,3.25,3,0
1,-1,1,1,0,-1,-1,0.263157894737,0.0909090909091,0.2,0.0714285714286,0.25,0.0,0.0,17,1,0,0,0,1,0,1,0.222222222222,0.0,0.0625,0.153846153846,0.25,0.0909090909091,0.181818181818,31,15,4.75,3.6,1.73,0
-1,-1,-1,0,0,0,-1,0.0,0.0666666666667,0.0,0.0,0.0,0.037037037037,0.0,12,0,-1,-1,-1,-1,1,0,0.1,0.0,0.0714285714286,0.2,0.1,0.0909090909091,0.0,13,15,1.55,4,6,0
0,1,0,0,1,-1,0,0.0454545454545,0.111111111111,0.0,0.1875,0.153846153846,0.111111111111,0.25,23,-1,-1,-1,-1,1,-1,1,0.142857142857,0.1,0.0,0.0,0.105263157895,0.0,0.142857142857,17,15,1.53,4,6,0
0,1,0,-1,1,-1,0,0.0,0.0833333333333,0.0,0.0,0.5,0.0,0.0,14,1,1,1,0,0,1,0,0.181818181818,0.117647058824,0.266666666667,0.142857142857,0.0909090909091,0.272727272727,0.0833333333333,28,15,5,4,1.62,0
1,1,0,0,0,1,-1,0.2,0.2,0.157894736842,0.153846153846,0.142857142857,0.142857142857,0.0,28,-1,-1,0,-1,-1,0,-1,0.0833333333333,0.0,0.0,0.0,0.0,0.142857142857,0.0909090909091,5,15,1.4,4.5,8,1
-1,0,-1,-1,0,-1,-1,0.0,0.0,0.0,0.0,0.142857142857,0.0909090909091,0.0,6,0,0,0,1,0,1,0,0.0,0.0625,0.153846153846,0.25,0.0909090909091,0.181818181818,0.0,32,16,4.75,3.6,1.73,0
-1,-1,-1,-1,1,0,0,0.0,0.0714285714286,0.2,0.1,0.0909090909091,0.0,0.142857142857,13,1,1,0,0,0,1,1,0.153846153846,0.0869565217391,0.0,0.0909090909091,0.142857142857,0.333333333333,0.133333333333,30,16,7,4.33,1.44,-1
-1,-1,-1,1,-1,1,0,0.1,0.0,0.0,0.105263157895,0.0,0.142857142857,0.4,18,1,0,-1,1,-1,0,0,0.0833333333333,0.0,0.0,0.5,0.0,0.0,0.0,15,16,2.1,3.3,3.5,0
-1,1,1,-1,1,-1,0,0.0,0.25,0.0555555555556,0.05,0.222222222222,0.0714285714286,0.0,25,1,-1,1,-1,-1,1,1,0.125,0.142857142857,0.153846153846,0.0,0.05,0.25,0.153846153846,23,16,1.5,4,7,0
-1,0,1,0,1,1,-1,0.0588235294118,0.0,0.230769230769,0.0,0.25,0.0833333333333,0.0833333333333,21,-1,1,1,0,-1,-1,0,0.0909090909091,0.2,0.0714285714286,0.25,0.0,0.0,0.0,17,16,2.1,3.3,3.5,1
1,-1,0,-1,1,-1,-1,0.166666666667,0.0,0.153846153846,0.0,0.130434782609,0.0,0.0,12,0,0,-1,0,-1,0,0,0.0,0.333333333333,0.142857142857,0.181818181818,0.0,0.0714285714286,0.0,28,16,3.5,3.3,2.1,-1
1,1,0,0,1,0,0,0.117647058824,0.266666666667,0.142857142857,0.0909090909091,0.272727272727,0.0833333333333,0.0,28,1,0,0,0,1,-1,1,0.2,0.157894736842,0.153846153846,0.142857142857,0.142857142857,0.0,0.153846153846,31,16,1.8,3.5,4.5,-1
-1,1,0,1,0,0,-1,0.0,0.272727272727,0.1875,0.0714285714286,0.0,0.0833333333333,0.0,24,-1,-1,0,0,0,-1,0,0.0666666666667,0.0,0.0,0.0,0.037037037037,0.0,0.0555555555556,13,16,2.8,3.25,2.6,0
1,0,0,1,-1,0,0,0.111111111111,0.0,0.1875,0.153846153846,0.111111111111,0.25,0.0714285714286,23,1,0,1,0,0,1,1,0.111111111111,0.25,0.105263157895,0.1,0.0,0.142857142857,0.222222222222,27,16,1.91,3.5,4,-1
0,0,0,1,-1,1,1,0.157894736842,0.153846153846,0.142857142857,0.142857142857,0.0,0.153846153846,0.25,34,1,0,1,0,0,-1,0,0.272727272727,0.1875,0.0714285714286,0.0,0.0833333333333,0.0,0.0769230769231,24,17,1.44,4.2,7.5,1
1,0,0,0,1,1,1,0.0869565217391,0.0,0.0909090909091,0.142857142857,0.333333333333,0.133333333333,0.217391304348,33,0,-1,-1,0,-1,-1,0,0.0,0.0,0.0,0.142857142857,0.0909090909091,0.0,0.25,6,17,1.18,6.5,15,1
0,1,0,0,1,1,1,0.25,0.105263157895,0.1,0.0,0.142857142857,0.222222222222,0.272727272727,30,-1,-1,1,-1,1,0,0,0.0,0.0,0.105263157895,0.0,0.142857142857,0.4,0.0,18,17,1.5,4,7,1
-1,1,-1,-1,1,1,0,0.142857142857,0.153846153846,0.0,0.05,0.25,0.153846153846,0.0666666666667,24,0,0,1,-1,0,0,-1,0.0,0.1875,0.153846153846,0.111111111111,0.25,0.0714285714286,0.0666666666667,24,17,3.25,3.3,2.2,0
1,1,0,-1,-1,0,-1,0.2,0.0714285714286,0.25,0.0,0.0,0.0,0.136363636364,17,-1,-1,-1,1,0,0,-1,0.0714285714286,0.2,0.1,0.0909090909091,0.0,0.142857142857,0.125,16,17,1.8,3.5,4.5,-1
0,0,1,0,1,0,0,0.0625,0.153846153846,0.25,0.0909090909091,0.181818181818,0.0,0.2,35,0,1,0,1,1,-1,1,0.0,0.230769230769,0.0,0.25,0.0833333333333,0.0833333333333,0.294117647059,21,17,1.4,4.5,8,1
-1,0,0,0,-1,0,0,0.0,0.0,0.0,0.037037037037,0.0,0.0555555555556,0.142857142857,16,1,1,-1,1,-1,0,0,0.25,0.0555555555556,0.05,0.222222222222,0.0714285714286,0.0,0.0526315789474,25,17,2.1,3.4,3.4,1
0,-1,1,-1,0,0,0,0.0,0.0,0.5,0.0,0.0,0.0,0.0,18,-1,0,-1,1,-1,-1,-1,0.0,0.153846153846,0.0,0.130434782609,0.0,0.0,0.0,12,17,2.1,3.3,3.5,1
0,-1,0,-1,0,0,1,0.333333333333,0.142857142857,0.181818181818,0.0,0.0714285714286,0.0,0.235294117647,31,1,0,0,1,0,0,-1,0.266666666667,0.142857142857,0.0909090909091,0.272727272727,0.0833333333333,0.0,0.0,28,17,2.4,3.3,2.9,1
0,0,0,1,1,1,1,0.0,0.0909090909091,0.142857142857,0.333333333333,0.133333333333,0.217391304348,0.294117647059,36,1,-1,1,-1,0,0,-1,0.0555555555556,0.05,0.222222222222,0.0714285714286,0.0,0.0526315789474,0.25,25,18,1.4,4.5,8,1
1,-1,-1,1,1,0,0,0.153846153846,0.0,0.05,0.25,0.153846153846,0.0666666666667,0.166666666667,27,0,0,1,0,0,-1,-1,0.142857142857,0.0909090909091,0.272727272727,0.0833333333333,0.0,0.0,0.0526315789474,28,18,3.75,3.5,1.95,1
-1,0,-1,0,0,1,1,0.142857142857,0.181818181818,0.0,0.0714285714286,0.0,0.235294117647,0.2,34,-1,1,-1,1,0,0,-1,0.0,0.105263157895,0.0,0.142857142857,0.4,0.0,0.0,18,18,1.4,4.5,7.5,1
1,0,-1,-1,0,-1,-1,0.0714285714286,0.25,0.0,0.0,0.0,0.136363636364,0.142857142857,17,-1,-1,0,-1,-1,0,-1,0.0,0.0,0.142857142857,0.0909090909091,0.0,0.25,0.25,9,18,2.2,3.25,3.3,-1
0,1,0,1,0,0,1,0.153846153846,0.25,0.0909090909091,0.181818181818,0.0,0.2,0.176470588235,38,0,1,0,0,-1,0,-1,0.1875,0.0714285714286,0.0,0.0833333333333,0.0,0.0769230769231,0.0,24,18,1.4,4.33,8.5,1
1,0,1,1,-1,1,-1,0.230769230769,0.0,0.25,0.0833333333333,0.0833333333333,0.294117647059,0.25,21,-1,-1,1,0,0,-1,1,0.2,0.1,0.0909090909091,0.0,0.142857142857,0.125,0.1875,19,18,1.85,3.5,4,-1
0,0,0,-1,0,0,1,0.0,0.0,0.037037037037,0.0,0.0555555555556,0.142857142857,0.176470588235,19,0,1,-1,0,0,-1,0,0.1875,0.153846153846,0.111111111111,0.25,0.0714285714286,0.0666666666667,0.153846153846,24,18,2.25,3.25,3.2,1
-1,1,-1,0,0,0,1,0.0,0.5,0.0,0.0,0.0,0.0,0.15,18,1,0,0,1,1,1,1,0.105263157895,0.1,0.0,0.142857142857,0.222222222222,0.272727272727,0.142857142857,33,18,3.2,3.25,2.25,-1
0,0,1,-1,1,1,1,0.153846153846,0.142857142857,0.142857142857,0.0,0.153846153846,0.25,0.0454545454545,37,0,-1,1,-1,-1,-1,-1,0.153846153846,0.0,0.130434782609,0.0,0.0,0.0,0.0,12,18,1.4,4.5,7.5,1
1,-1,1,0,0,-1,-1,0.105263157895,0.0,0.142857142857,0.4,0.0,0.0,0.0,18,0,0,-1,0,0,1,1,0.0,0.037037037037,0.0,0.0555555555556,0.142857142857,0.176470588235,0.214285714286,22,19,4,3.5,1.91,-1
-1,1,0,0,-1,1,1,0.1,0.0909090909091,0.0,0.142857142857,0.125,0.1875,0.4,20,0,1,-1,1,1,1,1,0.142857142857,0.142857142857,0.0,0.153846153846,0.25,0.0454545454545,0.166666666667,38,19,4,3.4,1.91,0
0,0,1,1,1,1,1,0.1,0.0,0.142857142857,0.222222222222,0.272727272727,0.142857142857,0.157894736842,36,0,-1,0,0,1,1,1,0.181818181818,0.0,0.0714285714286,0.0,0.235294117647,0.2,0.125,34,19,2.4,3.3,2.88,1
-1,0,-1,-1,0,-1,1,0.0,0.142857142857,0.0909090909091,0.0,0.25,0.25,0.2,10,0,1,1,-1,1,-1,-1,0.0,0.25,0.0833333333333,0.0833333333333,0.294117647059,0.25,0.05,22,19,1.91,3.4,4,0
1,0,0,-1,0,-1,-1,0.0714285714286,0.0,0.0833333333333,0.0,0.0769230769231,0.0,0.166666666667,27,0,-1,-1,0,-1,-1,-1,0.25,0.0,0.0,0.0,0.136363636364,0.142857142857,0.0,17,19,2,3.4,3.7,1
-1,1,-1,-1,-1,-1,-1,0.0,0.130434782609,0.0,0.0,0.0,0.0,0.0,13,-1,-1,1,1,0,0,1,0.0,0.05,0.25,0.153846153846,0.0666666666667,0.166666666667,0.166666666667,28,19,2.15,3.3,3.3,0
0,1,0,0,-1,-1,-1,0.0909090909091,0.272727272727,0.0833333333333,0.0,0.0,0.0526315789474,0.0,28,0,0,1,1,1,1,1,0.0909090909091,0.142857142857,0.333333333333,0.133333333333,0.217391304348,0.294117647059,0.133333333333,39,19,3.1,3.3,2.3,-1
-1,1,-1,0,0,-1,-1,0.05,0.222222222222,0.0714285714286,0.0,0.0526315789474,0.25,0.0,25,1,0,1,0,0,1,1,0.25,0.0909090909091,0.181818181818,0.0,0.2,0.176470588235,0.142857142857,41,19,2.9,3.3,2.4,-1
1,-1,0,0,-1,0,-1,0.153846153846,0.111111111111,0.25,0.0714285714286,0.0666666666667,0.153846153846,0.0666666666667,24,1,-1,0,0,0,1,-1,0.5,0.0,0.0,0.0,0.0,0.15,0.142857142857,21,19,1.5,4,6.5,-1
-1,0,0,1,1,1,-1,0.0,0.0714285714286,0.0,0.235294117647,0.2,0.125,0.0,35,-1,0,0,-1,0,-1,-1,0.111111111111,0.25,0.0714285714286,0.0666666666667,0.153846153846,0.0666666666667,0.105263157895,25,20,1.83,3.5,4.33,0
0,1,1,1,1,1,1,0.142857142857,0.333333333333,0.133333333333,0.217391304348,0.294117647059,0.133333333333,0.1875,42,0,0,-1,0,-1,-1,1,0.0,0.0833333333333,0.0,0.0769230769231,0.0,0.166666666667,0.111111111111,27,20,1.2,6.5,15,1
-1,1,1,0,0,1,0,0.05,0.25,0.153846153846,0.0666666666667,0.166666666667,0.166666666667,0.2,28,-1,0,0,0,1,-1,1,0.0,0.0,0.0,0.0,0.15,0.142857142857,0.3,24,20,2,3.4,3.75,-1
-1,-1,0,-1,-1,-1,-1,0.0,0.0,0.0,0.136363636364,0.142857142857,0.0,0.0,17,1,-1,-1,-1,-1,-1,0,0.130434782609,0.0,0.0,0.0,0.0,0.0,0.0833333333333,16,20,2.1,3.3,3.5,-1
0,-1,-1,0,-1,1,0,0.142857142857,0.0909090909091,0.0,0.25,0.25,0.2,0.0,11,1,0,0,-1,1,1,0,0.0909090909091,0.0,0.142857142857,0.125,0.1875,0.4,0.153846153846,21,20,1.91,3.4,4,0
1,1,-1,1,-1,-1,0,0.25,0.0833333333333,0.0833333333333,0.294117647059,0.25,0.05,0.0,25,1,0,0,-1,-1,-1,-1,0.272727272727,0.0833333333333,0.0,0.0,0.0526315789474,0.0,0.142857142857,28,20,3.75,3.6,1.91,1
1,-1,1,1,1,1,0,0.142857142857,0.0,0.153846153846,0.25,0.0454545454545,0.166666666667,0.153846153846,41,1,-1,0,0,-1,-1,-1,0.222222222222,0.0714285714286,0.0,0.0526315789474,0.25,0.0,0.0,25,20,1.67,3.6,5.5,1
0,1,0,0,1,1,1,0.0909090909091,0.181818181818,0.0,0.2,0.176470588235,0.142857142857,0.3,44,-1,1,0,0,-1,-1,-1,0.0,0.142857142857,0.4,0.0,0.0,0.0,0.0,18,20,1.25,5.75,11,1
0,-1,0,0,1,1,1,0.037037037037,0.0,0.0555555555556,0.142857142857,0.176470588235,0.214285714286,0.0526315789474,25,0,1,1,1,1,1,1,0.0,0.142857142857,0.222222222222,0.272727272727,0.142857142857,0.157894736842,0.0588235294118,36,20,2.1,3.3,3.2,1
0,0,-1,-1,-1,-1,-1,0.0833333333333,0.0,0.0,0.0526315789474,0.0,0.142857142857,0.2,31,-1,-1,0,-1,1,0,0,0.0909090909091,0.0,0.25,0.25,0.2,0.0,0.0,11,21,1.44,4.33,7,1
0,0,-1,1,1,0,0,0.0,0.142857142857,0.125,0.1875,0.4,0.153846153846,0.0,22,1,0,0,1,1,1,1,0.181818181818,0.0,0.2,0.176470588235,0.142857142857,0.3,0.1875,45,21,5.5,3.75,1.62,0
0,0,0,1,-1,1,1,0.0,0.0,0.0,0.15,0.142857142857,0.3,0.222222222222,25,0,0,1,1,1,-1,0,0.0714285714286,0.0,0.235294117647,0.2,0.125,0.0,0.047619047619,36,21,3.5,3.3,2.1,0
1,0,0,-1,-1,-1,-1,0.142857142857,0.4,0.0,0.0,0.0,0.0,0.2,19,-1,1,1,1,1,0,1,0.0,0.153846153846,0.25,0.0454545454545,0.166666666667,0.153846153846,0.25,42,21,4.75,3.5,1.75,0
-1,0,0,-1,-1,-1,-1,0.0714285714286,0.0,0.0526315789474,0.25,0.0,0.0,0.0,28,-1,0,-1,-1,-1,-1,-1,0.0,0.0,0.136363636364,0.142857142857,0.0,0.0,0.111111111111,17,21,1.57,3.8,6,1
-1,-1,-1,-1,-1,0,1,0.0,0.0,0.0,0.0,0.0,0.0833333333333,0.375,16,-1,0,0,1,1,1,1,0.0,0.0555555555556,0.142857142857,0.176470588235,0.214285714286,0.0526315789474,0.4,28,21,3.5,3.4,2.1,-1
0,0,-1,0,-1,-1,0,0.25,0.0714285714286,0.0666666666667,0.153846153846,0.0666666666667,0.105263157895,0.111111111111,25,1,1,1,1,1,1,1,0.333333333333,0.133333333333,0.217391304348,0.294117647059,0.133333333333,0.1875,0.107142857143,45,21,4.5,3.75,1.73,-1
1,1,1,1,1,1,-1,0.142857142857,0.222222222222,0.272727272727,0.142857142857,0.157894736842,0.0588235294118,0.0909090909091,36,1,1,0,0,1,0,-1,0.25,0.153846153846,0.0666666666667,0.166666666667,0.166666666667,0.2,0.0714285714286,31,21,1.62,3.6,6,-1
0,-1,0,-1,-1,1,-1,0.0833333333333,0.0,0.0769230769231,0.0,0.166666666667,0.111111111111,0.0,30,1,-1,1,-1,-1,0,1,0.0833333333333,0.0833333333333,0.294117647059,0.25,0.05,0.0,0.4,25,21,2.15,3.4,3.3,1
-1,1,-1,-1,0,1,-1,0.0833333333333,0.294117647059,0.25,0.05,0.0,0.4,0.0,28,-1,-1,-1,-1,0,1,-1,0.0,0.0,0.0,0.0,0.0833333333333,0.375,0.0625,16,22,2,3.4,3.75,1
1,1,1,1,1,1,1,0.133333333333,0.217391304348,0.294117647059,0.133333333333,0.1875,0.107142857143,0.166666666667,48,1,1,1,1,1,-1,-1,0.222222222222,0.272727272727,0.142857142857,0.157894736842,0.0588235294118,0.0909090909091,0.153846153846,36,22,1.33,4.75,9,1
0,-1,1,1,0,0,0,0.142857142857,0.125,0.1875,0.4,0.153846153846,0.0,0.125,25,0,0,-1,-1,-1,-1,1,0.0,0.0526315789474,0.25,0.0,0.0,0.0,0.142857142857,28,22,2.9,3.3,2.4,1
0,-1,-1,-1,-1,-1,-1,0.0,0.136363636364,0.142857142857,0.0,0.0,0.111111111111,0.25,17,0,-1,-1,-1,-1,-1,1,0.0,0.0,0.0526315789474,0.0,0.142857142857,0.2,0.117647058824,34,22,4.33,3.6,1.8,-1
-1,0,-1,1,0,0,-1,0.0,0.25,0.25,0.2,0.0,0.0,0.166666666667,12,-1,0,-1,-1,1,-1,1,0.0,0.0769230769231,0.0,0.166666666667,0.111111111111,0.0,0.111111111111,31,22,2,3.4,3.75,0
0,0,1,1,1,1,0,0.0,0.2,0.176470588235,0.142857142857,0.3,0.1875,0.0625,48,0,-1,0,-1,-1,0,-1,0.0714285714286,0.0666666666667,0.153846153846,0.0666666666667,0.105263157895,0.111111111111,0.0588235294118,25,22,1.62,3.8,5.5,1
0,0,1,1,1,1,1,0.0555555555556,0.142857142857,0.176470588235,0.214285714286,0.0526315789474,0.4,0.111111111111,28,0,1,1,1,-1,0,0,0.0,0.235294117647,0.2,0.125,0.0,0.047619047619,0.214285714286,39,22,2.3,3.3,3.1,-1
1,0,0,1,0,-1,1,0.153846153846,0.0666666666667,0.166666666667,0.166666666667,0.2,0.0714285714286,0.25,34,0,0,-1,-1,-1,-1,0,0.4,0.0,0.0,0.0,0.0,0.2,0.0,19,22,1.8,3.5,4.5,1
1,1,1,1,0,1,0,0.153846153846,0.25,0.0454545454545,0.166666666667,0.153846153846,0.25,0.0,45,0,0,1,-1,1,1,0,0.0,0.0,0.15,0.142857142857,0.3,0.222222222222,0.176470588235,25,22,1.5,4,7,1
0,-1,-1,-1,-1,1,-1,0.0526315789474,0.25,0.0,0.0,0.0,0.142857142857,0.0588235294118,29,1,-1,-1,0,1,-1,1,0.294117647059,0.25,0.05,0.0,0.4,0.0,0.153846153846,29,23,1.85,3.5,4.2,0
1,1,1,1,-1,-1,-1,0.272727272727,0.142857142857,0.157894736842,0.0588235294118,0.0909090909091,0.153846153846,0.0588235294118,39,-1,-1,-1,-1,-1,-1,-1,0.136363636364,0.142857142857,0.0,0.0,0.111111111111,0.25,0.125,17,23,1.44,4,8,1
0,1,-1,1,1,0,-1,0.0,0.15,0.142857142857,0.3,0.222222222222,0.176470588235,0.0,25,0,1,1,1,1,1,-1,0.142857142857,0.176470588235,0.214285714286,0.0526315789474,0.4,0.111111111111,0.0833333333333,31,23,3.2,3.25,2.25,-1
1,1,1,-1,0,0,1,0.235294117647,0.2,0.125,0.0,0.047619047619,0.214285714286,0.1875,40,0,0,1,0,-1,1,1,0.0666666666667,0.166666666667,0.166666666667,0.2,0.0714285714286,0.25,0.105263157895,35,23,1.5,3.8,7.5,0
0,-1,-1,1,-1,1,0,0.0769230769231,0.0,0.166666666667,0.111111111111,0.0,0.111111111111,0.333333333333,32,-1,1,1,0,0,0,1,0.125,0.1875,0.4,0.153846153846,0.0,0.125,0.181818181818,26,23,2,3.4,3.75,0
-1,-1,-1,0,1,-1,-1,0.0,0.0,0.0,0.0833333333333,0.375,0.0625,0.0625,17,1,1,1,1,1,1,1,0.217391304348,0.294117647059,0.133333333333,0.1875,0.107142857143,0.166666666667,0.3,49,23,8.5,4.75,1.36,0
0,-1,-1,-1,-1,0,-1,0.0,0.0,0.0,0.0,0.2,0.0,0.0833333333333,19,0,-1,1,0,0,-1,0,0.25,0.25,0.2,0.0,0.0,0.166666666667,0.0833333333333,15,23,2.5,3.3,2.75,-1
-1,-1,-1,-1,-1,1,1,0.0,0.0526315789474,0.0,0.142857142857,0.2,0.117647058824,0.3125,35,0,1,1,1,1,0,1,0.2,0.176470588235,0.142857142857,0.3,0.1875,0.0625,0.0833333333333,49,23,2.25,3.25,3.2,0
-1,0,-1,-1,0,-1,-1,0.0666666666667,0.153846153846,0.0666666666667,0.105263157895,0.111111111111,0.0588235294118,0.111111111111,28,1,1,1,0,1,0,1,0.25,0.0454545454545,0.166666666667,0.153846153846,0.25,0.0,0.181818181818,45,23,2.63,3.3,2.63,1
1,1,0,1,0,1,-1,0.0454545454545,0.166666666667,0.153846153846,0.25,0.0,0.181818181818,0.0833333333333,48,1,1,1,-1,-1,-1,1,0.142857142857,0.157894736842,0.0588235294118,0.0909090909091,0.153846153846,0.0588235294118,0.148148148148,39,24,2,3.3,3.8,1
1,1,0,0,0,1,0,0.1875,0.4,0.153846153846,0.0,0.125,0.181818181818,0.0,27,-1,-1,0,1,-1,-1,0,0.0,0.0,0.0833333333333,0.375,0.0625,0.0625,0.2,18,24,2.2,3.3,3.3,0
-1,1,0,0,-1,0,1,0.25,0.2,0.0,0.0,0.166666666667,0.0833333333333,0.142857142857,15,-1,-1,-1,-1,1,-1,0,0.25,0.0,0.0,0.0,0.142857142857,0.0588235294118,0.1,32,24,2.5,3.25,2.8,-1
1,1,1,1,0,1,0,0.176470588235,0.142857142857,0.3,0.1875,0.0625,0.0833333333333,0.153846153846,50,1,-1,1,1,0,-1,-1,0.15,0.142857142857,0.3,0.222222222222,0.176470588235,0.0,0.111111111111,26,24,1.36,4.75,8.5,0
-1,-1,1,-1,1,0,0,0.0,0.166666666667,0.111111111111,0.0,0.111111111111,0.333333333333,0.0,32,-1,-1,-1,-1,1,1,0,0.0526315789474,0.0,0.142857142857,0.2,0.117647058824,0.3125,0.2,38,24,4.33,3.5,1.83,-1
-1,-1,0,1,-1,1,0,0.25,0.05,0.0,0.4,0.0,0.153846153846,0.117647058824,30,-1,-1,-1,-1,0,-1,-1,0.0,0.0,0.0,0.2,0.0,0.0833333333333,0.0,20,24,1.8,3.4,4.75,0
1,1,1,1,1,-1,1,0.176470588235,0.214285714286,0.0526315789474,0.4,0.111111111111,0.0833333333333,0.238095238095,34,0,1,0,-1,1,1,0,0.166666666667,0.166666666667,0.2,0.0714285714286,0.25,0.105263157895,0.0,35,24,1.62,3.75,5.5,1
1,1,1,1,1,1,0,0.294117647059,0.133333333333,0.1875,0.107142857143,0.166666666667,0.3,0.0833333333333,52,1,1,-1,0,0,1,0,0.2,0.125,0.0,0.047619047619,0.214285714286,0.1875,0.0,40,24,1.44,4.2,7.5,1
-1,-1,-1,-1,-1,-1,-1,0.142857142857,0.0,0.0,0.111111111111,0.25,0.125,0.2,17,0,-1,-1,0,-1,-1,1,0.153846153846,0.0666666666667,0.105263157895,0.111111111111,0.0588235294118,0.111111111111,0.133333333333,31,24,3.8,3.6,1.91,-1
1,1,-1,-1,-1,1,-1,0.157894736842,0.0588235294118,0.0909090909091,0.153846153846,0.0588235294118,0.148148148148,0.142857142857,42,-1,0,1,-1,1,0,0,0.05,0.0,0.4,0.0,0.153846153846,0.117647058824,0.05,30,25,1.67,3.6,5.25,1
1,0,-1,1,1,0,-1,0.166666666667,0.2,0.0714285714286,0.25,0.105263157895,0.0,0.0833333333333,35,1,0,1,0,1,-1,1,0.166666666667,0.153846153846,0.25,0.0,0.181818181818,0.0833333333333,0.125,51,25,3.3,3.25,2.2,-1
-1,1,1,0,-1,-1,0,0.142857142857,0.3,0.222222222222,0.176470588235,0.0,0.111111111111,0.0,27,1,1,1,1,1,0,1,0.133333333333,0.1875,0.107142857143,0.166666666667,0.3,0.0833333333333,0.0666666666667,53,25,8,4,1.44,0
-1,-1,-1,0,-1,-1,0,0.0,0.0,0.2,0.0,0.0833333333333,0.0,0.111111111111,20,-1,-1,-1,-1,-1,-1,-1,0.0,0.0,0.111111111111,0.25,0.125,0.2,0.0,20,25,2.25,3.25,3.2,-1
1,-1,0,0,1,0,-1,0.125,0.0,0.047619047619,0.214285714286,0.1875,0.0,0.0,43,1,0,0,-1,0,1,-1,0.2,0.0,0.0,0.166666666667,0.0833333333333,0.142857142857,0.0,15,25,1.44,4.2,7.5,1
-1,-1,-1,1,1,0,1,0.0,0.142857142857,0.2,0.117647058824,0.3125,0.2,0.285714285714,39,1,1,1,1,-1,1,1,0.214285714286,0.0526315789474,0.4,0.111111111111,0.0833333333333,0.238095238095,0.117647058824,35,25,2,3.5,3.5,0
-1,-1,0,-1,-1,1,1,0.0666666666667,0.105263157895,0.111111111111,0.0588235294118,0.111111111111,0.133333333333,0.0909090909091,34,1,0,0,0,1,0,0,0.4,0.153846153846,0.0,0.125,0.181818181818,0.0,0.0,27,25,1.45,4,7,1
-1,-1,-1,1,-1,0,1,0.0,0.0,0.0,0.142857142857,0.0588235294118,0.1,0.181818181818,32,-1,1,-1,1,0,0,-1,0.166666666667,0.111111111111,0.0,0.111111111111,0.333333333333,0.0,0.125,35,25,1.73,3.6,4.75,-1
-1,0,1,-1,-1,0,0,0.0,0.0833333333333,0.375,0.0625,0.0625,0.2,0.0,21,1,1,1,0,1,0,0,0.142857142857,0.3,0.1875,0.0625,0.0833333333333,0.153846153846,0.0,50,25,5.25,3.6,1.67,1
0,1,0,1,-1,1,1,0.153846153846,0.25,0.0,0.181818181818,0.0833333333333,0.125,0.363636363636,54,1,1,1,-1,1,1,0,0.0526315789474,0.4,0.111111111111,0.0833333333333,0.238095238095,0.117647058824,0.142857142857,35,26,2.1,3.4,3.4,1
1,1,1,1,0,1,0,0.1875,0.107142857143,0.166666666667,0.3,0.0833333333333,0.0666666666667,0.0714285714286,56,-1,-1,0,-1,-1,0,-1,0.0,0.2,0.0,0.0833333333333,0.0,0.111111111111,0.0909090909091,20,26,1.17,7,17,1
0,0,0,1,0,0,-1,0.153846153846,0.0,0.125,0.181818181818,0.0,0.0,0.125,27,1,-1,-1,-1,1,-1,1,0.0588235294118,0.0909090909091,0.153846153846,0.0588235294118,0.148148148148,0.142857142857,0.1875,45,26,3.5,3.3,2.1,-1
-1,-1,-1,-1,-1,-1,1,0.0,0.111111111111,0.25,0.125,0.2,0.0,0.2,23,0,-1,1,1,0,-1,-1,0.2,0.0714285714286,0.25,0.105263157895,0.0,0.0833333333333,0.1,35,26,2.4,3.3,2.9,1
0,0,-1,0,1,-1,-1,0.0,0.0,0.166666666667,0.0833333333333,0.142857142857,0.0,0.0,15,0,1,-1,-1,0,0,1,0.0833333333333,0.375,0.0625,0.0625,0.2,0.0,0.3,24,26,2.1,3.3,3.5,-1
1,-1,1,0,0,-1,1,0.111111111111,0.0,0.111111111111,0.333333333333,0.0,0.125,0.0714285714286,38,1,1,0,-1,-1,0,0,0.3,0.222222222222,0.176470588235,0.0,0.111111111111,0.0,0.0909090909091,27,26,2.1,3.3,3.5,1
0,1,-1,1,0,0,-1,0.0,0.4,0.0,0.153846153846,0.117647058824,0.05,0.0,30,-1,0,-1,-1,1,1,1,0.105263157895,0.111111111111,0.0588235294118,0.111111111111,0.133333333333,0.0909090909091,0.235294117647,37,26,2.8,3.4,2.4,-1
-1,-1,1,-1,0,1,-1,0.0,0.0,0.142857142857,0.0588235294118,0.1,0.181818181818,0.0,32,-1,-1,1,1,0,1,0,0.142857142857,0.2,0.117647058824,0.3125,0.2,0.285714285714,0.117647058824,42,26,2.75,3.3,2.5,-1
1,1,0,1,0,0,-1,0.3,0.1875,0.0625,0.0833333333333,0.153846153846,0.0,0.153846153846,53,-1,0,0,1,0,-1,1,0.0,0.047619047619,0.214285714286,0.1875,0.0,0.0,0.0714285714286,43,26,2,3.4,3.75,1
1,0,-1,-1,0,0,-1,0.222222222222,0.176470588235,0.0,0.111111111111,0.0,0.0909090909091,0.0,28,1,-1,1,0,0,-1,-1,0.4,0.0,0.153846153846,0.117647058824,0.05,0.0,0.0,31,27,2.2,3.3,3.25,0
-1,-1,-1,1,-1,1,1,0.0909090909091,0.153846153846,0.0588235294118,0.148148148148,0.142857142857,0.1875,0.307692307692,48,1,0,1,0,0,-1,1,0.1875,0.0625,0.0833333333333,0.153846153846,0.0,0.153846153846,0.25,53,27,2.4,3.25,2.9,1
-1,1,1,0,-1,-1,-1,0.0714285714286,0.25,0.105263157895,0.0,0.0833333333333,0.1,0.0769230769231,38,1,1,1,0,1,0,1,0.107142857143,0.166666666667,0.3,0.0833333333333,0.0666666666667,0.0714285714286,0.0952380952381,56,27,8,4.5,1.4,1
-1,0,-1,-1,0,-1,-1,0.2,0.0,0.0833333333333,0.0,0.111111111111,0.0909090909091,0.142857142857,23,-1,1,0,0,-1,1,1,0.0,0.111111111111,0.333333333333,0.0,0.125,0.0714285714286,0.0833333333333,38,27,2.4,3.3,2.88,1
1,-1,-1,0,0,1,1,0.375,0.0625,0.0625,0.2,0.0,0.3,0.125,25,-1,1,-1,0,1,-1,-1,0.0,0.142857142857,0.0588235294118,0.1,0.181818181818,0.0,0.0,33,27,2.55,3.3,2.75,0
1,1,-1,1,1,0,-1,0.4,0.111111111111,0.0833333333333,0.238095238095,0.117647058824,0.142857142857,0.0909090909091,38,-1,-1,-1,-1,-1,1,1,0.111111111111,0.25,0.125,0.2,0.0,0.2,0.142857142857,23,27,1.44,4.33,7,1
-1,1,1,0,1,0,1,0.2,0.117647058824,0.3125,0.2,0.285714285714,0.117647058824,0.0625,45,0,0,1,0,0,-1,-1,0.0,0.125,0.181818181818,0.0,0.0,0.125,0.0909090909091,27,27,1.33,5,9,1
0,0,1,0,-1,1,-1,0.047619047619,0.214285714286,0.1875,0.0,0.0,0.0714285714286,0.222222222222,44,1,0,1,-1,1,1,1,0.25,0.0,0.181818181818,0.0833333333333,0.125,0.363636363636,0.181818181818,55,27,2.3,3.3,3.1,0
0,-1,-1,1,1,1,1,0.111111111111,0.0588235294118,0.111111111111,0.133333333333,0.0909090909091,0.235294117647,0.210526315789,37,0,-1,0,1,-1,-1,-1,0.0,0.166666666667,0.0833333333333,0.142857142857,0.0,0.0,0.04,18,27,1.5,4,6.5,-1
0,1,0,0,-1,-1,-1,0.125,0.181818181818,0.0,0.0,0.125,0.0909090909091,0.133333333333,27,1,1,0,-1,-1,-1,1,0.25,0.105263157895,0.0,0.0833333333333,0.1,0.0769230769231,0.153846153846,41,28,2.38,3.25,3,-1
1,1,0,1,0,1,-1,0.166666666667,0.3,0.0833333333333,0.0666666666667,0.0714285714286,0.0952380952381,0.142857142857,56,1,-1,1,1,0,-1,1,0.111111111111,0.0833333333333,0.238095238095,0.117647058824,0.142857142857,0.0909090909091,0.166666666667,41,28,1.62,3.75,5.5,-1
-1,-1,-1,-1,1,1,-1,0.25,0.125,0.2,0.0,0.2,0.142857142857,0.0,23,0,-1,-1,0,0,-1,0,0.176470588235,0.0,0.111111111111,0.0,0.0909090909091,0.0,0.0769230769231,31,28,2.3,3.25,3.1,-1
-1,0,1,-1,-1,-1,1,0.166666666667,0.0833333333333,0.142857142857,0.0,0.0,0.04,0.277777777778,19,-1,-1,1,-1,1,1,1,0.153846153846,0.0588235294118,0.148148148148,0.142857142857,0.1875,0.307692307692,0.3,49,28,3.25,3.3,2.2,0
0,1,0,0,-1,1,-1,0.0625,0.0833333333333,0.153846153846,0.0,0.153846153846,0.25,0.0,53,0,1,-1,1,1,1,0,0.0,0.181818181818,0.0833333333333,0.125,0.363636363636,0.181818181818,0.105263157895,58,28,2.2,3.4,3.2,-1
1,0,0,-1,1,1,-1,0.111111111111,0.333333333333,0.0,0.125,0.0714285714286,0.0833333333333,0.0,38,-1,-1,1,1,1,1,-1,0.0588235294118,0.111111111111,0.133333333333,0.0909090909091,0.235294117647,0.210526315789,0.111111111111,40,28,2.75,3.3,2.5,-1
1,1,0,1,0,1,1,0.117647058824,0.3125,0.2,0.285714285714,0.117647058824,0.0625,0.2,48,-1,-1,0,0,1,1,0,0.0625,0.0625,0.2,0.0,0.3,0.125,0.0,25,28,1.4,4.5,8,1
1,-1,0,1,-1,-1,0,0.142857142857,0.0588235294118,0.1,0.181818181818,0.0,0.0,0.0,34,0,-1,-1,0,-1,-1,1,0.0,0.0833333333333,0.0,0.111111111111,0.0909090909091,0.142857142857,0.1,24,28,1.62,3.75,5.5,0
-1,1,0,0,-1,-1,0,0.0,0.153846153846,0.117647058824,0.05,0.0,0.0,0.1,34,0,1,0,-1,1,-1,0,0.214285714286,0.1875,0.0,0.0,0.0714285714286,0.222222222222,0.117647058824,44,28,3.1,3.25,2.3,1
-1,1,-1,1,1,1,0,0.0588235294118,0.148148148148,0.142857142857,0.1875,0.307692307692,0.3,0.0,52,1,0,1,0,1,1,1,0.3125,0.2,0.285714285714,0.117647058824,0.0625,0.2,0.266666666667,48,29,2.4,3.4,2.8,1
1,0,-1,-1,-1,1,1,0.105263157895,0.0,0.0833333333333,0.1,0.0769230769231,0.153846153846,0.125,44,1,0,0,-1,1,-1,-1,0.0833333333333,0.153846153846,0.0,0.153846153846,0.25,0.0,0.0,53,29,3.2,3.25,2.25,1
-1,-1,0,0,-1,0,1,0.0,0.111111111111,0.0,0.0909090909091,0.0,0.0769230769231,0.266666666667,31,0,1,-1,-1,-1,1,0,0.0833333333333,0.142857142857,0.0,0.0,0.04,0.277777777778,0.0,22,29,2.38,3.25,3,-1
-1,-1,0,-1,-1,1,0,0.0833333333333,0.0,0.111111111111,0.0909090909091,0.142857142857,0.1,0.111111111111,25,1,0,0,-1,-1,-1,-1,0.181818181818,0.0,0.0,0.125,0.0909090909091,0.133333333333,0.142857142857,28,29,2.2,3.2,3.4,0
-1,0,0,1,1,0,-1,0.0625,0.2,0.0,0.3,0.125,0.0,0.125,28,0,0,-1,1,1,-1,-1,0.333333333333,0.0,0.125,0.0714285714286,0.0833333333333,0.0,0.0,38,29,2,3.4,3.75,1
1,-1,1,1,1,0,1,0.181818181818,0.0833333333333,0.125,0.363636363636,0.181818181818,0.105263157895,0.285714285714,58,1,0,1,0,1,-1,-1,0.3,0.0833333333333,0.0666666666667,0.0714285714286,0.0952380952381,0.142857142857,0.111111111111,59,29,2.7,3.4,2.55,-1
-1,1,1,0,-1,1,1,0.0833333333333,0.238095238095,0.117647058824,0.142857142857,0.0909090909091,0.166666666667,0.133333333333,44,1,0,0,-1,-1,0,1,0.153846153846,0.117647058824,0.05,0.0,0.0,0.1,0.0769230769231,34,29,1.4,4.5,8,1
1,0,-1,1,-1,0,-1,0.1875,0.0,0.0,0.0714285714286,0.222222222222,0.117647058824,0.0,45,-1,-1,-1,1,1,-1,-1,0.125,0.2,0.0,0.2,0.142857142857,0.0,0.0833333333333,24,29,1.44,4.33,7,0
-1,1,1,1,1,-1,1,0.111111111111,0.133333333333,0.0909090909091,0.235294117647,0.210526315789,0.111111111111,0.153846153846,43,-1,0,1,-1,-1,0,0,0.0588235294118,0.1,0.181818181818,0.0,0.0,0.0,0.0625,34,29,1.85,3.5,4.2,1
0,0,-1,-1,0,1,-1,0.117647058824,0.05,0.0,0.0,0.1,0.0769230769231,0.0833333333333,37,0,-1,-1,-1,1,1,1,0.0,0.0833333333333,0.1,0.0769230769231,0.153846153846,0.125,0.214285714286,44,30,2.38,3.25,3,1
-1,-1,1,1,-1,-1,0,0.2,0.0,0.2,0.142857142857,0.0,0.0833333333333,0.0,27,-1,1,1,1,0,1,-1,0.0833333333333,0.125,0.363636363636,0.181818181818,0.105263157895,0.285714285714,0.0769230769231,58,30,5,3.5,1.73,1
1,-1,-1,-1,1,0,1,0.142857142857,0.0,0.0,0.04,0.277777777778,0.0,0.333333333333,22,1,1,0,-1,1,1,1,0.238095238095,0.117647058824,0.142857142857,0.0909090909091,0.166666666667,0.133333333333,0.111111111111,47,30,2.9,3.3,2.4,-1
0,1,-1,-1,0,0,-1,0.1,0.181818181818,0.0,0.0,0.0,0.0625,0.0,34,-1,0,0,-1,0,1,-1,0.111111111111,0.0,0.0909090909091,0.0,0.0769230769231,0.266666666667,0.0,34,30,1.83,3.5,4.33,-1
0,0,-1,1,-1,-1,-1,0.153846153846,0.0,0.153846153846,0.25,0.0,0.0,0.133333333333,54,0,1,0,1,-1,-1,1,0.0833333333333,0.0666666666667,0.0714285714286,0.0952380952381,0.142857142857,0.111111111111,0.25,60,30,3.2,3.4,2.2,0
0,-1,1,1,-1,-1,-1,0.0,0.125,0.0714285714286,0.0833333333333,0.0,0.0,0.0,41,1,-1,1,1,1,0,1,0.148148148148,0.142857142857,0.1875,0.307692307692,0.3,0.0,0.142857142857,52,30,4,3.6,1.91,1
0,1,0,1,1,1,-1,0.2,0.285714285714,0.117647058824,0.0625,0.2,0.266666666667,0.0833333333333,51,-1,0,-1,-1,1,0,0,0.0,0.111111111111,0.0909090909091,0.142857142857,0.1,0.111111111111,0.0526315789474,25,30,1.33,4.75,10,1
0,0,-1,-1,-1,-1,0,0.0,0.0,0.125,0.0909090909091,0.133333333333,0.142857142857,0.2,28,0,-1,1,-1,0,-1,0,0.0,0.0,0.0714285714286,0.222222222222,0.117647058824,0.0,0.0,48,30,3.25,3.3,2.2,-1
0,0,1,1,0,-1,1,0.2,0.0,0.3,0.125,0.0,0.125,0.1,28,1,1,1,1,-1,1,1,0.133333333333,0.0909090909091,0.235294117647,0.210526315789,0.111111111111,0.153846153846,0.4,46,30,2.9,3.3,2.4,-1
0,0,-1,0,1,-1,1,0.0,0.0909090909091,0.0,0.0769230769231,0.266666666667,0.0,0.285714285714,37,0,-1,-1,-1,-1,0,-1,0.0,0.125,0.0909090909091,0.133333333333,0.142857142857,0.2,0.0625,28,31,2.1,3.3,3.5,1
1,0,1,-1,-1,1,0,0.0666666666667,0.0714285714286,0.0952380952381,0.142857142857,0.111111111111,0.25,0.2,63,-1,1,1,-1,-1,0,1,0.0,0.2,0.142857142857,0.0,0.0833333333333,0.0,0.444444444444,27,31,1.22,6,12,1
0,-1,-1,1,0,0,-1,0.111111111111,0.0909090909091,0.142857142857,0.1,0.111111111111,0.0526315789474,0.0,28,0,1,1,0,-1,1,-1,0.0,0.3,0.125,0.0,0.125,0.1,0.0,28,31,2.38,3.25,3,1
-1,1,-1,0,-1,0,1,0.0,0.0714285714286,0.222222222222,0.117647058824,0.0,0.0,0.153846153846,48,-1,1,1,-1,-1,-1,1,0.125,0.0714285714286,0.0833333333333,0.0,0.0,0.0,0.125,44,31,1.44,4.2,7.5,-1
1,1,1,0,1,-1,-1,0.125,0.363636363636,0.181818181818,0.105263157895,0.285714285714,0.0769230769231,0.222222222222,61,0,-1,-1,0,1,-1,1,0.05,0.0,0.0,0.1,0.0769230769231,0.0833333333333,0.153846153846,37,31,1.36,4.5,9,1
1,0,-1,1,1,1,1,0.117647058824,0.142857142857,0.0909090909091,0.166666666667,0.133333333333,0.111111111111,0.0714285714286,50,0,-1,1,-1,-1,-1,0,0.0,0.153846153846,0.25,0.0,0.0,0.133333333333,0.0666666666667,54,31,2.2,3.4,3.2,1
1,1,1,-1,1,1,1,0.0909090909091,0.235294117647,0.210526315789,0.111111111111,0.153846153846,0.4,0.285714285714,46,1,0,1,1,1,-1,1,0.285714285714,0.117647058824,0.0625,0.2,0.266666666667,0.0833333333333,0.2,54,31,2.7,3.4,2.5,-1
-1,1,1,1,0,1,-1,0.142857142857,0.1875,0.307692307692,0.3,0.0,0.142857142857,0.0,53,1,-1,-1,0,0,-1,-1,0.181818181818,0.0,0.0,0.0,0.0625,0.0,0.0,35,31,1.57,3.8,6,0
-1,-1,-1,1,1,1,-1,0.0833333333333,0.1,0.0769230769231,0.153846153846,0.125,0.214285714286,0.0,45,-1,-1,-1,1,0,1,-1,0.0,0.0,0.04,0.277777777778,0.0,0.333333333333,0.0,23,31,2.3,3.4,3,0
-1,-1,-1,-1,0,-1,-1,0.125,0.0909090909091,0.133333333333,0.142857142857,0.2,0.0625,0.0,28,0,-1,1,1,1,1,1,0.142857142857,0.0909090909091,0.166666666667,0.133333333333,0.111111111111,0.0714285714286,0.166666666667,53,32,4,3.75,1.83,-1
-1,-1,1,0,1,-1,0,0.0,0.04,0.277777777778,0.0,0.333333333333,0.0,0.181818181818,23,1,1,0,1,-1,-1,1,0.363636363636,0.181818181818,0.105263157895,0.285714285714,0.0769230769231,0.222222222222,0.176470588235,64,32,3.75,3.6,1.91,-1
-1,1,-1,-1,-1,0,-1,0.153846153846,0.25,0.0,0.0,0.133333333333,0.0666666666667,0.0454545454545,57,1,1,-1,-1,0,1,-1,0.2,0.142857142857,0.0,0.0833333333333,0.0,0.444444444444,0.0,27,32,1.29,5.25,10,1
1,1,-1,-1,-1,1,1,0.0714285714286,0.0833333333333,0.0,0.0,0.0,0.125,0.125,45,-1,-1,1,1,1,-1,0,0.1,0.0769230769231,0.153846153846,0.125,0.214285714286,0.0,0.2,46,32,2.25,3.2,3.25,0
-1,-1,0,1,-1,1,-1,0.0,0.0,0.1,0.0769230769231,0.0833333333333,0.153846153846,0.125,38,0,1,-1,-1,1,0,1,0.0714285714286,0.0952380952381,0.142857142857,0.111111111111,0.25,0.2,0.269230769231,64,32,6,4.33,1.5,0
1,1,0,-1,1,-1,-1,0.3,0.125,0.0,0.125,0.1,0.0,0.0769230769231,28,1,1,1,0,1,-1,0,0.1875,0.307692307692,0.3,0.0,0.142857142857,0.0,0.0714285714286,56,32,3.25,3.3,2.2,-1
0,1,1,1,-1,1,1,0.117647058824,0.0625,0.2,0.266666666667,0.0833333333333,0.2,0.235294117647,57,0,-1,0,1,-1,1,1,0.0909090909091,0.0,0.0769230769231,0.266666666667,0.0,0.285714285714,0.142857142857,37,32,1.29,5,11,1
-1,-1,1,0,0,-1,1,0.0909090909091,0.142857142857,0.1,0.111111111111,0.0526315789474,0.0,0.125,31,1,1,-1,1,1,1,-1,0.235294117647,0.210526315789,0.111111111111,0.153846153846,0.4,0.285714285714,0.125,46,32,3.1,3.4,2.25,1
-1,-1,0,0,-1,-1,0,0.0,0.0,0.0,0.0625,0.0,0.0,0.25,38,1,-1,0,-1,0,1,-1,0.0714285714286,0.222222222222,0.117647058824,0.0,0.0,0.153846153846,0.0,48,32,2.8,3.25,2.5,1
1,-1,-1,1,0,1,0,0.0952380952381,0.142857142857,0.111111111111,0.25,0.2,0.269230769231,0.047619047619,67,-1,-1,-1,0,-1,-1,-1,0.0909090909091,0.133333333333,0.142857142857,0.2,0.0625,0.0,0.0,28,33,1.13,8,17,1
1,1,0,1,-1,0,1,0.307692307692,0.3,0.0,0.142857142857,0.0,0.0714285714286,0.25,57,1,-1,1,1,1,-1,-1,0.210526315789,0.111111111111,0.153846153846,0.4,0.285714285714,0.125,0.0,47,33,1.6,3.8,5.5,0
-1,1,1,1,-1,0,0,0.0769230769231,0.153846153846,0.125,0.214285714286,0.0,0.2,0.272727272727,46,-1,0,0,-1,-1,0,1,0.0,0.0,0.0625,0.0,0.0,0.25,0.416666666667,41,33,2.35,3.3,3,-1
-1,0,1,-1,1,1,-1,0.0,0.0769230769231,0.266666666667,0.0,0.285714285714,0.142857142857,0.0,38,-1,1,0,0,-1,1,1,0.142857142857,0.1,0.111111111111,0.0526315789474,0.0,0.125,0.0909090909091,32,33,2.4,3.3,2.88,0
-1,0,-1,0,1,-1,-1,0.222222222222,0.117647058824,0.0,0.0,0.153846153846,0.0,0.1,51,1,0,-1,1,-1,-1,-1,0.125,0.0,0.125,0.1,0.0,0.0769230769231,0.153846153846,28,33,2,3.6,3.6,1
1,-1,-1,0,1,-1,-1,0.142857142857,0.0,0.0833333333333,0.0,0.444444444444,0.0,0.0,30,-1,0,1,-1,1,-1,0,0.0,0.1,0.0769230769231,0.0833333333333,0.153846153846,0.125,0.1,38,33,1.83,3.6,4.2,1
1,-1,-1,-1,0,-1,1,0.25,0.0,0.0,0.133333333333,0.0666666666667,0.0454545454545,0.333333333333,58,-1,1,0,1,-1,0,-1,0.04,0.277777777778,0.0,0.333333333333,0.0,0.181818181818,0.0,24,33,1.33,5,9,0
1,0,1,-1,-1,1,1,0.181818181818,0.105263157895,0.285714285714,0.0769230769231,0.222222222222,0.176470588235,0.0909090909091,64,1,1,1,-1,1,1,1,0.0625,0.2,0.266666666667,0.0833333333333,0.2,0.235294117647,0.0434782608696,60,33,2.15,3.4,3.2,-1
-1,1,1,1,1,1,1,0.0909090909091,0.166666666667,0.133333333333,0.111111111111,0.0714285714286,0.166666666667,0.142857142857,54,1,-1,-1,-1,1,1,0,0.0833333333333,0.0,0.0,0.0,0.125,0.125,0.230769230769,46,33,1.33,5,9,0
-1,-1,0,-1,-1,-1,-1,0.133333333333,0.142857142857,0.2,0.0625,0.0,0.0,0.1,28,-1,-1,0,1,-1,-1,1,0.0,0.0833333333333,0.0,0.444444444444,0.0,0.0,0.285714285714,33,34,2.3,3.6,2.8,-1
1,0,0,-1,1,1,0,0.1,0.111111111111,0.0526315789474,0.0,0.125,0.0909090909091,0.181818181818,35,1,0,1,-1,0,1,0,0.3,0.0,0.142857142857,0.0,0.0714285714286,0.25,0.04,57,34,3.75,3.6,1.91,1
1,0,1,-1,0,-1,0,0.277777777778,0.0,0.333333333333,0.0,0.181818181818,0.0,0.125,24,-1,-1,1,0,1,0,1,0.142857142857,0.111111111111,0.25,0.2,0.269230769231,0.047619047619,0.157894736842,70,34,4.2,3.75,1.8,-1
0,0,-1,-1,0,1,1,0.0,0.0625,0.0,0.0,0.25,0.416666666667,0.142857142857,42,1,1,1,1,1,1,0,0.166666666667,0.133333333333,0.111111111111,0.0714285714286,0.166666666667,0.142857142857,0.125,55,34,2.9,3.5,2.3,0
-1,-1,-1,1,1,0,0,0.0,0.0,0.0,0.125,0.125,0.230769230769,0.125,47,0,1,-1,-1,1,1,-1,0.105263157895,0.285714285714,0.0769230769231,0.222222222222,0.176470588235,0.0909090909091,0.0,65,34,2.88,3.4,2.38,0
0,1,-1,1,-1,0,-1,0.1,0.0769230769231,0.0833333333333,0.153846153846,0.125,0.1,0.333333333333,39,-1,-1,-1,0,-1,1,0,0.0,0.0,0.133333333333,0.0666666666667,0.0454545454545,0.333333333333,0.05,59,34,4.33,4,1.73,0
0,-1,1,-1,-1,-1,-1,0.0,0.125,0.1,0.0,0.0769230769231,0.153846153846,0.0,31,0,1,-1,1,1,-1,0,0.0769230769231,0.266666666667,0.0,0.285714285714,0.142857142857,0.0,0.4,38,34,1.53,4.33,5.5,1
1,1,-1,1,1,1,1,0.2,0.266666666667,0.0833333333333,0.2,0.235294117647,0.0434782608696,0.25,61,0,-1,0,1,-1,-1,1,0.117647058824,0.0,0.0,0.153846153846,0.0,0.1,0.173913043478,52,34,1.62,4,5.25,0
-1,1,1,1,-1,-1,0,0.111111111111,0.153846153846,0.4,0.285714285714,0.125,0.0,0.0666666666667,50,1,1,1,-1,0,0,-1,0.153846153846,0.125,0.214285714286,0.0,0.2,0.272727272727,0.0714285714286,46,34,1.73,4,4.2,1
