1,1,1,1,-1,-1,0,13,-1,1,0,-1,-1,0,-1,5,8,1.8,3.6,4.5,1
1,1,-1,1,-1,-1,-1,18,0,0,0,0,-1,-1,0,8,8,1.29,5.5,11,1
1,0,0,0,1,-1,1,6,0,0,1,-1,0,1,1,12,8,6,4.2,1.53,1
-1,1,0,1,-1,1,0,11,1,1,0,-1,1,-1,0,5,8,2.1,3.4,3.5,1
1,0,0,-1,1,-1,1,14,1,-1,-1,0,-1,1,-1,22,8,2.5,3.4,2.75,-1
1,0,1,1,1,0,1,14,-1,0,-1,0,0,1,-1,18,8,5,3.75,1.7,-1
1,1,1,0,0,-1,-1,14,-1,1,1,-1,-1,-1,0,4,8,1.83,3.75,4.2,1
-1,0,1,0,1,-1,1,3,-1,1,-1,0,1,-1,0,15,8,3.25,3.4,2.2,0
0,-1,1,0,-1,-1,1,15,0,-1,0,-1,1,-1,0,3,9,1.36,5,8.5,1
-1,0,1,1,0,1,1,6,0,0,0,-1,1,-1,-1,7,9,2,3.5,3.75,0
0,1,0,0,-1,1,-1,21,-1,0,-1,1,-1,0,-1,11,9,1.22,6,15,1
0,1,-1,1,0,0,1,4,-1,-1,-1,1,1,0,-1,14,8,2.75,3.4,2.5,0
0,0,0,1,1,0,1,9,0,0,0,0,-1,-1,0,9,9,1.95,3.3,4.2,0
-1,0,1,-1,1,0,1,8,-1,-1,0,0,1,1,-1,14,9,2.25,3.4,3.2,1
1,1,0,1,-1,1,-1,22,-1,1,-1,1,1,1,-1,21,9,2.4,3.4,2.9,-1
-1,1,0,-1,1,0,0,16,0,1,0,1,1,0,-1,10,9,2.6,3.3,2.75,0
1,0,0,1,0,-1,0,13,0,-1,-1,-1,0,-1,1,14,9,2,3.5,3.75,1
-1,-1,1,1,1,0,1,4,0,0,1,-1,1,-1,1,17,9,4.2,3.75,1.83,-1
1,1,-1,-1,0,1,0,15,-1,0,1,-1,0,0,0,17,10,2.75,3.4,2.5,0
-1,1,-1,-1,-1,1,-1,24,1,-1,0,1,1,-1,-1,15,10,1.7,3.8,5,1
0,0,1,-1,1,1,0,10,0,0,-1,-1,0,-1,0,9,10,2.6,3.3,2.75,1
0,0,0,1,1,0,0,9,0,-1,-1,0,-1,-1,0,9,9,2.1,3.3,3.6,-1
0,1,-1,1,0,1,1,12,-1,0,-1,1,-1,1,1,23,10,4.5,3.6,1.8,0
0,-1,1,-1,1,-1,-1,17,0,-1,1,-1,0,-1,-1,11,10,1.5,4.33,6.5,-1
1,0,0,-1,-1,1,1,15,-1,0,0,1,-1,1,-1,22,10,5,3.8,1.7,0
-1,0,-1,-1,0,1,0,11,0,0,-1,0,1,0,-1,14,10,1.57,4,6,0
1,0,1,-1,1,0,1,4,-1,1,-1,0,0,-1,0,5,10,1.8,3.6,4.5,0
1,1,1,0,1,-1,1,17,1,-1,-1,-1,0,-1,1,4,10,1.73,3.75,4.75,1
1,0,-1,-1,1,1,1,16,-1,1,1,0,-1,0,0,16,11,1.53,4.2,6,0
1,1,0,1,1,0,-1,9,-1,1,1,1,-1,1,-1,27,11,7,4.5,1.44,-1
0,-1,1,0,0,0,0,20,0,0,-1,-1,0,0,1,9,11,1.44,4.2,8,1
-1,1,0,0,1,0,0,6,0,-1,1,-1,-1,0,-1,11,10,2.25,3.4,3.2,0
1,1,1,0,1,-1,1,5,-1,1,-1,0,-1,-1,0,13,11,2.38,3.5,2.88,0
0,1,1,0,1,0,1,12,0,-1,1,-1,0,-1,0,4,11,1.91,3.4,4.2,1
1,-1,1,0,1,1,-1,11,-1,-1,0,-1,1,-1,-1,20,11,2.3,3.4,3.1,-1
0,1,-1,1,-1,-1,0,24,0,1,1,0,-1,0,0,12,11,1.95,3.5,4,0
0,0,-1,1,-1,1,0,25,1,-1,1,-1,1,1,1,17,11,1.57,4,6,1
0,1,0,-1,0,1,0,14,0,0,1,1,-1,-1,0,18,11,1.95,3.6,3.8,-1
0,-1,-1,1,1,1,0,19,-1,1,-1,1,1,1,-1,17,12,1.91,3.75,3.8,1
-1,-1,0,1,0,0,0,15,1,-1,0,-1,-1,1,1,11,12,1.44,4.33,7.5,1
0,-1,1,-1,1,0,1,28,-1,0,-1,-1,0,1,1,9,12,1.2,6.5,15,1
1,0,-1,0,1,0,-1,14,1,-1,0,-1,-1,0,0,16,12,1.91,3.6,4,-1
1,-1,1,1,0,1,0,14,1,1,1,-1,1,-1,1,27,12,7,4.5,1.44,1
1,-1,1,0,1,0,1,4,-1,-1,0,-1,1,-1,0,8,12,1.91,3.6,4,-1
1,0,0,1,0,0,0,9,1,-1,0,0,0,0,-1,20,11,4.33,3.6,1.83,1
1,0,1,-1,1,1,-1,23,-1,1,-1,1,1,0,0,24,12,3.75,3.5,2,1
-1,-1,0,1,0,0,0,16,0,-1,-1,0,0,1,-1,12,12,1.67,3.75,5.25,-1
0,-1,-1,1,1,0,-1,19,-1,-1,0,-1,0,-1,-1,13,12,2,3.4,3.8,0
0,1,1,0,-1,-1,1,10,1,1,-1,-1,-1,0,-1,20,13,4.75,3.75,1.73,0
1,0,0,0,0,1,1,21,1,-1,-1,0,-1,0,-1,15,13,1.44,4.33,7.5,0
-1,-1,1,-1,1,-1,1,30,1,-1,0,-1,0,-1,1,4,13,1.17,7.5,15,1
1,0,1,0,1,1,0,16,1,0,-1,0,0,0,1,16,13,2.2,3.3,3.4,1
1,1,0,0,-1,1,-1,12,0,-1,1,-1,-1,1,-1,26,12,2.5,3.3,2.88,-1
1,0,1,1,-1,-1,1,14,0,0,-1,0,0,0,-1,9,13,1.83,3.6,4.33,1
-1,1,-1,-1,0,0,1,25,1,-1,1,-1,0,-1,-1,29,13,2.5,3.5,2.7,0
1,0,1,-1,1,0,-1,11,0,1,0,-1,0,1,1,14,13,2.3,3.5,3,1
1,0,1,1,0,0,-1,17,1,0,-1,0,0,0,-1,16,13,3.4,3.5,2.1,0
-1,1,-1,-1,-1,1,1,20,1,1,-1,-1,0,1,0,19,13,1.67,3.75,5.5,1
1,1,0,-1,-1,1,0,13,0,-1,0,0,0,-1,-1,9,14,1.95,3.4,4,1
1,0,0,-1,1,-1,-1,13,-1,0,-1,0,-1,1,-1,5,13,2.25,3.25,3.3,0
1,-1,-1,0,0,1,0,26,0,-1,0,0,0,1,-1,17,14,1.44,4.5,7,0
0,0,0,0,1,1,0,22,1,-1,-1,-1,0,-1,0,21,14,2.5,3.4,2.75,0
-1,1,-1,1,-1,1,1,33,1,-1,-1,0,1,0,-1,19,14,1.22,6.5,12,1
0,1,-1,1,0,-1,1,12,-1,-1,0,-1,0,-1,0,16,14,2,3.4,3.8,0
0,1,0,1,1,0,1,19,1,0,-1,0,1,1,-1,14,14,1.91,3.4,4.2,1
0,1,1,0,0,-1,0,20,-1,1,-1,-1,1,-1,1,26,14,2.3,3.4,3.1,1
1,-1,-1,-1,1,1,1,23,0,-1,0,0,0,-1,0,16,14,2.4,3.4,2.88,1
0,1,1,-1,-1,1,1,14,-1,1,-1,0,-1,-1,0,32,14,6,4.2,1.53,-1
1,1,1,0,1,0,0,21,-1,-1,0,0,1,0,-1,23,15,1.44,4.5,7,-1
1,0,0,0,-1,1,0,17,1,1,1,-1,-1,-1,-1,26,15,2.88,3.3,2.5,-1
1,0,0,0,1,0,1,19,-1,1,-1,0,1,-1,0,12,15,1.4,4.5,8.5,1
-1,1,0,1,1,0,-1,33,0,0,0,-1,-1,0,0,23,15,1.5,4,7,0
0,1,0,1,-1,1,0,6,-1,0,1,1,-1,0,-1,14,15,1.95,3.5,4,0
1,0,0,0,1,1,1,9,-1,1,-1,1,-1,-1,-1,36,14,7.5,4.75,1.4,-1
-1,1,1,-1,1,-1,1,26,-1,0,-1,-1,0,-1,-1,22,15,2.1,3.25,3.75,-1
1,1,0,-1,0,1,1,22,1,1,0,0,-1,0,0,26,15,4,3.5,1.91,1
1,0,1,0,1,0,0,19,0,0,1,-1,1,1,0,13,15,2.1,3.3,3.6,1
0,1,0,-1,-1,1,1,17,-1,-1,1,1,-1,-1,1,14,15,2,3.4,3.75,1
1,1,0,1,0,0,-1,24,-1,-1,1,-1,1,-1,1,26,16,1.5,4.33,6.5,1
0,-1,-1,1,0,1,0,15,0,-1,-1,0,-1,-1,1,23,16,2.4,3.2,3.1,0
-1,1,0,-1,1,0,1,15,0,0,0,-1,-1,-1,1,9,16,1.91,3.6,4,1
0,-1,1,-1,-1,0,1,13,1,0,0,-1,0,0,-1,29,15,4.75,3.5,1.8,-1
1,0,0,-1,0,1,-1,23,0,-1,0,-1,0,0,-1,22,16,1.8,3.6,4.5,-1
1,-1,-1,1,1,-1,1,15,-1,0,-1,1,-1,0,0,7,16,2.3,3.4,3.1,0
0,0,1,1,0,0,0,26,1,1,-1,-1,-1,-1,1,26,16,2,3.5,3.75,1
1,0,1,1,0,-1,0,33,1,-1,1,-1,-1,-1,1,39,16,2.2,3.5,3.2,-1
1,0,-1,0,1,1,1,22,0,0,0,-1,0,-1,-1,22,16,3,3.3,2.38,-1
0,0,0,-1,1,0,-1,20,-1,0,1,1,-1,-1,-1,17,16,1.91,3.6,4,1
-1,1,-1,-1,0,1,-1,16,0,0,-1,-1,-1,1,-1,9,16,2,3.5,3.75,1
0,0,1,0,1,1,-1,22,1,1,-1,0,-1,0,0,18,17,1.36,4.75,9,-1
1,-1,1,1,1,-1,-1,42,-1,1,1,0,-1,1,-1,16,17,1.2,6.5,15,1
0,-1,-1,1,1,1,1,17,0,-1,-1,0,1,0,1,36,17,5.5,3.75,1.67,-1
1,0,1,0,0,1,-1,25,1,1,-1,-1,1,-1,0,15,17,2.2,3.4,3.25,1
0,1,-1,1,0,0,0,10,0,0,1,-1,0,1,-1,20,17,2.4,3.4,2.88,1
1,1,0,1,1,-1,0,24,0,-1,-1,0,0,0,-1,27,17,3.1,3.2,2.4,0
-1,1,1,1,1,-1,1,29,0,0,1,0,-1,1,1,23,17,1.62,4,5.5,1
1,-1,1,-1,1,-1,1,27,0,1,0,-1,-1,-1,1,23,17,2,3.5,3.75,0
0,1,1,1,-1,1,1,9,-1,0,-1,0,0,1,-1,27,17,5.5,4,1.62,-1
0,1,0,1,1,-1,-1,25,0,1,-1,0,1,-1,-1,20,18,1.53,4,6.5,1
1,1,0,-1,0,-1,-1,39,-1,-1,-1,1,-1,-1,1,9,18,1.14,8,19,1
-1,-1,1,1,1,1,-1,20,-1,1,-1,0,0,0,-1,10,18,2.1,3.4,3.5,1
1,0,-1,1,0,1,1,15,1,1,0,-1,1,-1,-1,19,17,2,3.5,3.75,-1
1,1,1,1,-1,1,1,30,-1,0,-1,-1,1,0,0,25,18,1.62,3.75,6,0
-1,1,-1,1,-1,1,0,30,0,-1,0,0,-1,1,-1,25,18,1.91,3.6,4,1
-1,0,1,1,1,-1,0,23,-1,-1,0,0,0,-1,0,30,18,2.88,3.25,2.5,-1
-1,1,1,-1,1,0,1,15,0,-1,0,0,1,-1,1,30,18,4.75,3.75,1.73,-1
0,0,1,0,0,1,-1,32,1,-1,0,-1,0,0,1,18,17,1.33,5.5,8.5,1
0,-1,0,1,-1,-1,1,24,1,-1,-1,-1,1,1,-1,43,18,5,4,1.67,0
1,0,1,0,0,-1,1,18,-1,-1,-1,1,-1,-1,0,33,19,3.75,3.5,2,-1
1,0,0,0,1,0,-1,33,-1,-1,1,-1,0,-1,1,15,19,1.44,4.5,7,1
-1,1,0,-1,1,1,1,21,0,1,-1,0,-1,-1,1,16,19,1.85,3.6,4.2,0
1,1,1,-1,-1,1,0,46,1,-1,-1,-1,-1,1,-1,20,19,1.22,6.5,13,1
1,0,0,1,-1,1,1,25,0,-1,0,0,-1,1,-1,35,19,6,3.75,1.62,-1
-1,1,0,0,0,1,1,10,-1,1,-1,1,-1,0,-1,33,19,2.2,3.4,3.25,-1
1,1,-1,1,1,-1,1,10,1,0,-1,1,1,-1,0,25,19,2.9,3.4,2.38,0
0,1,1,-1,0,0,0,28,-1,0,-1,-1,1,1,-1,25,19,3.4,3.2,2.25,1
-1,0,1,-1,1,1,-1,22,-1,0,1,0,1,1,-1,39,19,6.5,4,1.53,1
1,0,0,-1,1,-1,-1,33,-1,-1,-1,-1,1,-1,-1,20,19,1.44,4.5,7,1
0,1,0,0,-1,1,-1,18,-1,1,-1,0,-1,1,-1,18,20,2.4,3.25,3,-1
1,0,-1,1,1,1,0,21,0,-1,1,1,-1,0,0,28,20,2.1,3.4,3.5,-1
1,1,-1,-1,1,0,1,49,1,-1,1,-1,0,-1,1,33,20,1.3,5.5,10,1
0,0,1,-1,1,1,-1,25,0,1,0,1,1,-1,-1,42,20,6,4,1.57,-1
1,-1,1,1,-1,1,0,13,0,-1,-1,-1,1,0,1,23,20,2.88,3.25,2.5,1
1,1,-1,0,0,0,1,29,1,-1,0,-1,-1,1,0,17,20,1.8,3.5,4.75,0
0,1,-1,1,1,-1,1,22,-1,-1,1,-1,-1,0,1,36,20,3.5,3.4,2.1,-1
0,0,0,1,0,-1,1,33,-1,0,0,-1,1,-1,1,38,20,2.88,3.3,2.5,-1
1,0,0,0,1,1,-1,10,0,-1,-1,1,1,-1,-1,28,20,4,3.5,1.91,-1
-1,0,-1,-1,1,1,-1,45,-1,1,0,0,0,-1,0,29,21,1.29,5.5,11,1
1,0,1,1,-1,0,0,18,0,0,1,-1,1,1,-1,34,20,5,3.75,1.7,0
1,-1,-1,1,0,0,-1,29,-1,0,0,1,-1,1,1,19,21,1.57,4,6,0
1,-1,1,1,0,-1,-1,39,1,-1,-1,1,-1,0,-1,13,21,1.33,5,10,1
1,-1,1,0,1,-1,1,33,0,1,-1,-1,-1,0,1,24,21,2,3.5,3.75,-1
1,1,1,-1,0,-1,1,26,0,-1,1,-1,-1,1,1,25,20,2.1,3.4,3.5,1
-1,1,0,1,-1,1,-1,18,-1,1,1,-1,0,-1,-1,52,21,6,4.2,1.53,-1
0,0,1,-1,1,-1,-1,38,0,0,0,-1,-1,1,1,13,20,1.2,6.5,15,-1
1,1,-1,-1,1,1,-1,31,-1,1,-1,-1,1,-1,1,22,21,1.4,4.5,8.5,1
1,1,1,-1,1,1,1,20,0,0,-1,0,1,-1,1,36,21,3,3.4,2.38,-1
0,0,-1,1,-1,-1,0,19,0,-1,-1,1,0,0,0,21,22,2.55,3.5,2.9,-1
0,1,0,-1,1,-1,-1,37,1,1,-1,0,0,1,0,30,22,1.57,4.2,6.5,0
-1,1,1,1,0,-1,-1,25,-1,0,-1,1,-1,1,1,19,22,2.05,3.5,4,0
1,-1,1,1,-1,-1,1,26,-1,-1,1,-1,-1,-1,1,21,22,2.2,3.6,3.4,0
0,0,1,1,-1,-1,-1,14,1,-1,-1,0,1,1,-1,40,22,4.5,3.8,1.85,0
1,1,-1,1,0,1,1,16,1,-1,0,-1,1,-1,1,33,22,3,3.4,2.5,1
-1,0,0,0,1,0,1,29,0,-1,1,-1,1,1,1,41,22,4.33,3.5,1.95,-1
-1,1,1,-1,1,-1,1,25,-1,-1,1,0,1,-1,-1,26,22,2.38,3.3,3.3,1
0,-1,1,-1,-1,1,0,34,0,1,1,-1,-1,1,-1,48,21,2.63,3.5,2.8,-1
-1,-1,1,0,1,1,-1,55,-1,1,1,-1,-1,1,-1,31,22,1.91,3.8,4.2,1
1,-1,1,-1,-1,-1,-1,42,-1,-1,1,0,0,0,1,22,22,1.25,6.5,15,0
-1,-1,1,1,-1,1,1,34,1,-1,-1,1,1,-1,0,26,23,1.33,5.5,10.5,1
-1,-1,1,1,-1,1,-1,51,-1,-1,-1,0,1,1,0,25,23,1.25,6.5,14,1
1,-1,1,1,1,-1,0,21,-1,1,-1,0,-1,-1,-1,19,23,1.75,4,5,-1
-1,1,0,0,-1,0,0,33,0,0,0,-1,0,-1,1,29,23,2.2,3.4,3.6,1
1,0,1,-1,1,-1,1,34,0,1,-1,1,1,0,1,20,23,1.75,4,5,0
1,-1,0,-1,1,1,1,27,0,-1,-1,1,1,1,0,15,22,2.1,3.5,3.75,0
0,1,-1,1,-1,-1,0,19,-1,-1,1,-1,1,-1,-1,28,23,2.15,3.4,3.8,-1
-1,1,-1,-1,-1,-1,0,45,1,-1,1,1,-1,0,1,34,23,1.91,3.6,4,1
1,1,0,-1,-1,1,0,41,1,-1,0,-1,-1,1,-1,56,23,2.9,3.6,2.5,0
1,-1,0,0,0,-1,0,23,-1,0,1,-1,1,1,0,38,23,3.6,3.5,2.05,0
1,-1,-1,1,0,-1,1,37,1,0,1,-1,-1,-1,0,27,23,1.44,4.75,8,1
-1,1,-1,-1,0,-1,0,20,1,-1,-1,-1,1,0,1,24,24,2.9,3.4,2.6,-1
1,1,-1,-1,-1,0,0,16,1,-1,-1,1,-1,1,-1,52,24,7.5,4.5,1.5,0
0,0,1,0,1,-1,1,30,-1,1,-1,1,1,0,1,20,24,2.2,3.3,3.75,0
1,-1,1,-1,1,1,-1,29,-1,0,0,1,0,0,-1,34,24,2.5,3.4,3,0
-1,-1,1,0,-1,1,1,38,1,-1,-1,1,-1,-1,-1,35,24,2.4,3.5,3.1,0
0,-1,1,-1,-1,0,0,41,0,-1,1,-1,1,-1,0,34,24,1.6,4.1,6.5,1
1,1,0,-1,-1,0,1,28,0,1,-1,-1,-1,0,-1,27,24,2.2,3.5,3.5,1
1,0,1,1,-1,1,0,59,1,0,0,0,1,0,0,23,24,1.25,6.5,14,1
1,1,-1,-1,1,0,1,27,-1,0,1,1,-1,0,0,42,24,4.75,3.75,1.83,0
-1,1,0,1,1,1,-1,20,-1,1,1,1,1,0,-1,46,24,7.5,4.5,1.5,0
-1,1,0,-1,1,1,0,41,0,-1,0,-1,1,-1,0,30,25,1.44,4.5,9,1
-1,1,-1,-1,0,0,1,42,-1,1,1,0,1,0,1,21,25,1.4,5,9,0
1,0,-1,-1,0,1,1,28,0,-1,-1,1,-1,0,-1,62,25,5.5,4.2,1.65,-1
1,1,1,-1,0,-1,-1,27,1,1,1,1,0,-1,0,46,25,4,3.6,2,1
1,-1,-1,-1,0,0,0,17,-1,1,1,-1,0,-1,0,28,25,1.95,3.6,4.33,0
1,0,1,1,1,-1,0,23,1,-1,1,-1,-1,1,0,29,25,2.5,3.4,3,1
-1,1,1,1,0,1,1,30,0,0,1,0,0,-1,0,34,25,2.4,3.4,3.2,1
-1,1,-1,-1,0,-1,0,21,0,0,0,1,0,0,-1,24,25,2.2,3.5,3.5,0
1,1,-1,1,-1,1,0,53,-1,-1,1,-1,-1,-1,0,36,25,1.83,3.9,4.5,0
1,-1,1,-1,1,0,1,34,0,1,1,-1,0,0,0,45,25,3.6,3.4,2.2,-1
-1,-1,-1,0,1,0,1,49,-1,1,1,0,1,0,0,21,26,1.36,5.5,9.5,1
-1,-1,1,0,1,0,0,29,0,1,1,0,-1,-1,1,29,26,2.3,3.4,3.4,0
0,0,-1,0,0,1,0,27,-1,1,-1,1,-1,0,0,53,26,5.75,4,1.67,1
1,0,1,-1,1,0,1,33,0,-1,-1,-1,1,0,-1,23,26,1.91,3.5,4.6,1
1,-1,1,1,-1,0,1,29,-1,0,1,-1,-1,0,-1,44,26,4.5,3.6,1.91,-1
0,-1,0,0,1,0,1,37,1,1,1,0,0,0,0,17,26,1.83,3.75,4.75,1
-1,-1,1,0,0,0,-1,48,-1,-1,1,0,1,1,-1,27,26,1.67,4,5.75,1
-1,-1,0,-1,0,-1,0,24,-1,-1,-1,0,-1,-1,-1,30,26,2.63,3.4,2.88,1
1,1,-1,1,0,1,-1,65,-1,1,1,0,0,-1,0,42,26,1.75,3.9,5,1
1,-1,1,1,1,0,0,36,1,-1,1,-1,0,-1,1,37,26,1.4,5,9,-1
-1,1,1,1,0,0,-1,39,1,0,0,-1,0,-1,-1,37,27,1.57,4.4,6,1
0,-1,1,1,0,1,-1,47,1,0,1,0,1,0,-1,24,27,1.33,5.5,11,1
-1,-1,0,1,1,-1,0,32,0,-1,1,-1,0,-1,-1,33,27,2.2,3.3,3.75,1
-1,1,0,1,0,0,0,32,1,1,0,0,-1,0,-1,42,27,3.8,3.5,2.1,1
-1,-1,0,0,0,0,1,17,-1,1,-1,0,-1,1,-1,68,27,7,4.33,1.53,-1
1,1,1,-1,0,1,1,23,1,1,0,1,0,0,-1,24,27,2.63,3.4,2.88,-1
1,-1,1,0,1,-1,-1,40,1,-1,-1,1,0,-1,1,29,27,2.05,3.5,4,1
-1,1,-1,1,0,0,1,56,1,1,0,-1,0,-1,-1,49,27,1.95,3.6,4.33,1
1,-1,0,-1,-1,1,1,30,0,1,0,0,-1,0,-1,27,27,2.2,3.5,3.2,1
1,1,0,1,1,1,1,30,1,-1,0,0,0,1,-1,51,27,3.6,3.5,2.15,-1
-1,0,1,0,1,1,1,52,1,-1,0,-1,1,1,-1,40,28,1.4,5,9,1
-1,0,0,1,0,1,1,45,-1,-1,1,0,-1,-1,1,23,28,1.38,5,10,1
-1,1,0,1,-1,1,-1,71,-1,0,-1,0,0,0,-1,32,28,1.33,5.5,11,1
-1,0,0,1,0,1,1,27,1,0,0,0,0,-1,1,20,28,1.85,3.8,4.5,-1
1,-1,1,0,1,1,1,33,-1,0,-1,-1,-1,-1,1,33,28,2.15,3.25,4,-1
1,1,-1,0,1,-1,1,30,1,0,-1,-1,1,0,-1,33,28,2.4,3.3,3.3,0
0,0,1,0,1,1,1,40,1,0,1,1,-1,-1,-1,30,28,2.1,3.6,3.75,1
-1,0,-1,0,0,1,-1,24,-1,-1,-1,0,0,1,-1,42,28,4.5,3.75,1.85,-1
1,0,0,0,-1,1,-1,54,1,-1,-1,0,-1,1,-1,47,28,2.3,3.6,3.25,1
0,-1,0,-1,0,1,1,24,-1,1,-1,0,0,-1,-1,59,28,7.5,4.5,1.44,-1
0,1,0,0,0,1,1,33,0,0,-1,0,-1,-1,1,28,29,2.5,3.4,3,0
0,0,0,0,1,-1,-1,23,-1,1,0,-1,1,-1,0,30,29,2.25,3.4,3.5,1
1,-1,0,1,1,-1,1,23,1,0,1,0,-1,-1,1,27,29,2.45,3.4,3.1,-1
1,0,1,-1,-1,1,1,43,0,-1,0,-1,-1,-1,-1,40,29,2.45,3.3,3.2,1
1,1,0,0,-1,1,-1,45,0,0,0,1,-1,1,-1,54,29,1.95,3.8,4,1
0,-1,-1,1,1,1,1,33,1,-1,0,-1,-1,-1,1,33,29,1.83,3.7,4.8,1
0,-1,0,1,1,-1,-1,30,0,0,0,-1,1,1,-1,23,30,2.3,3.4,3.4,1
0,0,1,0,1,1,1,48,1,-1,0,0,-1,-1,1,59,29,3.9,3.6,2.05,1
1,0,1,-1,1,-1,1,74,1,0,-1,-1,1,-1,1,23,29,1.17,9,19,1
0,1,0,1,1,-1,0,31,-1,0,0,1,-1,1,-1,45,30,4.2,3.8,1.91,1
1,0,1,1,1,-1,1,34,0,-1,1,1,-1,-1,-1,44,30,2.5,3.3,3.1,0
1,0,1,1,1,1,1,40,-1,-1,0,-1,1,-1,-1,50,30,3.4,3.5,2.25,-1
0,1,0,1,1,1,1,55,0,-1,-1,-1,-1,1,1,33,29,1.4,5,9,1
-1,0,1,-1,1,0,1,31,-1,0,0,0,-1,-1,0,34,30,2.05,3.5,4,0
0,0,-1,1,-1,1,1,54,0,-1,-1,1,0,-1,0,36,30,1.5,4.5,7.5,-1
0,-1,0,0,1,-1,-1,27,1,1,-1,-1,-1,-1,-1,33,29,2.3,3.4,3.4,1
1,0,1,-1,1,1,-1,53,0,-1,-1,1,-1,1,-1,23,30,1.25,6.5,15,1
0,1,0,1,1,1,1,51,0,-1,-1,-1,1,-1,0,34,30,1.57,3.9,7.5,1
1,0,0,1,1,-1,1,62,1,-1,-1,-1,-1,-1,-1,33,30,1.33,5.5,11,1
1,0,1,1,-1,0,1,34,-1,0,-1,-1,-1,-1,-1,55,31,3.5,3.5,2.2,1
0,1,-1,1,0,1,0,31,0,-1,1,-1,1,-1,-1,77,31,6,4,1.65,-1
0,1,1,1,1,1,-1,40,0,1,-1,1,-1,-1,1,57,31,3.4,3.4,2.3,-1
1,1,1,1,-1,-1,1,36,-1,1,1,-1,-1,-1,0,44,30,2.3,3.4,3.4,1
-1,0,0,1,-1,-1,1,30,0,0,0,-1,-1,0,0,34,30,1.95,3.6,4.33,1
-1,0,1,1,-1,-1,1,30,0,0,1,-1,1,-1,-1,48,31,5,4,1.75,-1
1,1,-1,0,1,0,-1,39,0,0,-1,1,1,-1,-1,23,30,2,3.6,4,1
0,0,1,1,0,0,1,35,-1,-1,-1,-1,-1,1,1,41,32,2.63,3.3,2.9,0
1,1,-1,1,-1,1,1,23,0,-1,-1,1,0,-1,-1,37,32,3.3,3.6,2.25,-1
1,1,1,-1,1,0,1,34,0,-1,-1,1,1,-1,1,33,32,2.1,3.4,4,-1
-1,-1,1,1,1,0,1,44,0,-1,1,-1,-1,1,-1,56,32,4.1,3.7,1.95,-1
0,1,1,1,1,1,1,58,-1,1,-1,0,-1,0,1,31,31,1.36,5,11,1
0,-1,1,-1,1,1,-1,49,-1,-1,-1,1,1,-1,-1,37,32,1.36,5.5,9,0
1,1,1,1,1,1,1,36,-1,1,0,-1,0,1,-1,39,32,2.1,3.5,3.8,1
0,1,-1,-1,1,1,1,24,0,0,-1,1,1,-1,-1,31,32,2.38,3.4,3.25,0
-1,1,-1,1,1,-1,-1,58,-1,0,-1,-1,-1,-1,-1,52,32,2.2,3.4,3.6,0
1,-1,1,-1,1,1,-1,77,0,0,-1,-1,1,-1,-1,65,31,2.3,3.5,3.3,-1
1,-1,1,1,-1,1,-1,59,0,-1,-1,0,0,-1,0,35,32,1.25,6.5,14,1
1,1,-1,-1,1,-1,-1,34,1,0,-1,0,1,-1,-1,40,33,2.3,3.3,3.5,0
0,1,1,1,1,1,0,55,-1,1,1,-1,-1,-1,0,24,32,1.44,4.75,8,1
1,-1,1,-1,1,1,-1,24,1,-1,1,-1,-1,1,0,50,33,8,4.75,1.45,0
1,1,-1,0,1,1,-1,38,-1,-1,1,1,-1,-1,0,38,33,1.91,3.75,4.2,0
1,1,1,1,1,1,1,36,1,-1,0,-1,0,1,-1,34,33,1.95,3.5,4.5,-1
1,1,-1,1,0,1,-1,34,1,-1,1,-1,-1,1,1,80,33,7,3.9,1.6,-1
-1,1,1,-1,1,-1,1,60,-1,-1,-1,-1,-1,0,-1,56,33,1.75,3.9,5,0
0,1,0,-1,1,1,0,40,-1,-1,-1,-1,-1,-1,-1,61,33,4.75,3.8,1.8,-1
0,1,1,-1,1,1,-1,68,0,-1,1,1,-1,-1,0,31,32,1.25,6.5,14,1
1,-1,-1,1,1,0,0,39,-1,1,-1,-1,1,1,1,81,33,5.5,3.9,1.7,0
1,0,-1,1,1,0,-1,40,-1,-1,1,-1,1,-1,0,63,34,5,4,1.75,-1
1,1,0,0,1,0,1,38,1,-1,1,-1,-1,1,0,24,34,1.75,3.8,5.25,1
-1,-1,1,1,1,0,1,24,-1,1,-1,0,-1,1,1,37,34,2.25,3.4,3.5,-1
1,0,1,0,-1,1,-1,37,-1,-1,-1,-1,0,-1,0,56,34,3.4,3.4,2.3,1
1,1,1,1,-1,-1,0,42,-1,1,0,-1,-1,1,0,39,33,2.38,3.5,3.1,0
-1,1,1,1,0,1,-1,45,-1,-1,-1,-1,-1,-1,1,37,33,2.25,3.5,3.4,0
-1,-1,1,1,0,0,0,42,-1,1,1,-1,-1,0,-1,31,34,2.3,3.5,3.3,1
1,-1,1,1,-1,0,0,51,-1,-1,-1,-1,-1,-1,1,62,34,2.15,3.6,3.6,0
1,-1,1,1,-1,-1,0,61,-1,-1,1,-1,-1,1,-1,68,33,3.25,3.6,2.3,1
-1,1,1,-1,-1,-1,0,84,-1,1,1,-1,1,1,0,34,34,1.25,6.75,13,1
1,1,1,0,1,0,1,59,0,1,-1,-1,0,1,1,40,35,1.5,4.5,7.5,1
1,-1,1,1,-1,1,1,71,1,-1,-1,0,0,0,-1,42,34,1.29,6,12,1
1,1,1,1,1,-1,0,37,1,-1,-1,1,0,0,0,54,35,2.88,3.6,2.5,-1
-1,0,1,1,-1,0,0,39,-1,-1,-1,0,-1,1,0,48,35,1.85,3.75,4.6,-1
-1,1,0,1,-1,-1,-1,40,-1,0,0,-1,0,-1,-1,38,35,2.25,3.3,3.6,1
-1,-1,1,1,0,1,1,32,1,-1,-1,1,1,0,-1,62,34,3.8,3.6,2.05,0
1,-1,1,-1,1,0,-1,64,-1,-1,1,1,1,0,-1,85,35,2.25,3.6,3.3,0
1,1,1,1,1,-1,0,65,-1,-1,-1,1,1,0,0,42,34,1.36,5.5,9,1
1,-1,1,1,-1,0,1,25,1,-1,-1,-1,0,-1,1,25,35,2.55,3.5,2.88,0
-1,-1,1,-1,-1,0,1,37,0,-1,0,1,-1,1,-1,37,35,2.3,3.4,3.4,1
-1,1,1,0,-1,-1,1,40,1,-1,-1,1,0,-1,0,28,36,1.73,3.9,5.25,-1
0,0,1,0,1,1,1,38,1,-1,1,1,0,-1,-1,40,36,2.55,3.3,3,-1
1,1,1,0,1,-1,0,25,1,-1,1,-1,0,1,0,67,36,8,4.75,1.44,-1
1,1,-1,-1,0,0,1,43,1,-1,-1,1,-1,-1,-1,72,35,5.25,3.8,1.75,0
1,1,-1,-1,0,1,0,65,0,-1,-1,1,0,0,1,39,35,1.44,4.75,8,1
1,1,0,1,-1,0,-1,48,1,-1,-1,0,-1,-1,0,35,35,2.45,3.5,3,-1
1,1,0,0,0,1,1,43,-1,-1,-1,-1,1,0,1,38,36,2.38,3.4,3.25,0
1,1,-1,0,0,0,-1,55,-1,-1,0,-1,0,-1,-1,60,36,1.95,3.6,4.2,0
1,-1,-1,-1,0,1,0,85,-1,-1,-1,-1,1,0,-1,68,36,2.2,3.5,3.5,-1
1,0,-1,1,-1,1,1,38,-1,0,-1,1,1,1,-1,41,36,2.1,3.3,4,0
1,1,-1,1,1,1,0,75,-1,0,-1,1,0,1,1,48,36,1.4,5,9,1
1,1,0,1,1,0,-1,35,-1,1,1,0,0,-1,0,46,36,1.83,3.75,4.75,-1
1,1,1,-1,0,1,-1,69,-1,1,1,0,-1,0,-1,66,36,1.95,3.75,4,0
1,-1,-1,0,1,1,-1,40,-1,-1,1,0,-1,1,0,72,37,4.5,3.8,1.85,-1
1,0,1,0,1,1,0,63,-1,0,0,0,-1,-1,0,43,37,1.5,4.5,7.5,1
1,1,0,-1,-1,1,-1,40,-1,1,0,0,0,1,0,58,37,3.9,3.6,2.05,-1
-1,-1,-1,0,1,0,-1,88,1,1,0,0,-1,0,1,46,37,1.3,5.75,12,1
0,1,0,1,1,1,-1,41,0,-1,1,0,1,1,-1,48,37,2.2,3.4,3.6,1
1,1,0,1,-1,0,-1,25,-1,-1,-1,1,0,1,0,41,37,3.4,3.4,2.3,-1
0,1,-1,-1,-1,1,0,41,1,1,0,-1,0,-1,0,69,37,4.5,3.6,1.91,-1
0,-1,1,-1,1,1,0,39,-1,-1,1,0,0,1,-1,40,37,2.8,3.2,2.8,0
1,-1,1,0,-1,0,-1,70,-1,0,-1,-1,0,1,1,35,37,1.4,5.5,8,1
1,1,-1,0,1,0,-1,28,-1,1,-1,-1,-1,0,-1,78,37,6,4.33,1.6,-1
1,-1,0,1,-1,0,-1,75,0,-1,0,-1,-1,0,-1,63,38,1.7,4,5.5,1
-1,0,0,0,-1,0,-1,61,-1,0,-1,1,0,1,1,25,38,1.25,7,12,1
-1,1,1,1,0,1,-1,78,-1,0,-1,-1,-1,1,-1,44,38,1.33,5.5,11,-1
1,1,-1,0,-1,0,-1,41,1,-1,0,1,0,1,-1,73,38,6,4.6,1.55,-1
1,-1,0,0,-1,1,0,41,-1,1,1,1,-1,0,1,42,38,1.75,3.8,5.25,0
-1,0,0,1,0,-1,1,46,-1,0,1,1,-1,1,1,43,38,1.8,3.8,4.75,-1
-1,0,1,0,1,0,-1,72,1,-1,1,-1,-1,0,0,39,38,1.29,6,12,1
1,-1,0,-1,-1,1,1,49,1,1,0,-1,0,1,-1,89,38,4.5,3.9,1.83,0
0,0,0,1,1,0,1,46,-1,1,0,-1,0,1,1,28,38,1.67,4,5.75,1
0,1,1,0,-1,-1,1,36,1,1,0,-1,-1,1,1,41,38,2.15,3.6,3.6,0
-1,-1,1,-1,1,-1,0,19,0,-1,-1,-1,1,1,1,7,8,1.29,6,12,1
1,1,0,1,1,0,-1,17,-1,-1,0,0,1,1,1,8,8,1.25,6.5,15,1
0,0,0,1,-1,1,1,15,-1,-1,-1,0,1,-1,0,11,8,1.45,4.5,9,1
-1,0,1,1,1,-1,-1,11,1,0,-1,0,1,-1,-1,15,8,1.57,4.33,6.5,0
1,0,1,-1,-1,1,-1,11,-1,1,-1,0,1,1,-1,17,8,4.5,3.9,1.83,0
1,1,-1,0,1,-1,1,8,1,0,1,0,-1,1,0,10,8,2.3,3.3,3.5,0
-1,1,-1,0,-1,-1,1,10,1,0,-1,1,-1,1,1,1,8,1.62,4,6.5,1
1,0,-1,0,-1,1,-1,8,-1,-1,-1,0,-1,-1,-1,16,8,5.5,3.8,1.73,-1
-1,1,-1,-1,-1,1,0,10,1,-1,-1,-1,1,0,1,16,8,4,3.5,2.05,-1
-1,1,1,1,-1,1,1,3,1,1,-1,0,-1,1,-1,10,8,2.75,3.3,2.8,-1
1,-1,-1,-1,1,0,-1,10,0,0,-1,1,-1,-1,-1,18,9,3.4,3.4,2.3,-1
1,1,1,-1,1,1,-1,3,1,-1,1,-1,1,0,-1,22,9,11,5,1.36,-1
-1,1,0,-1,-1,1,0,20,0,1,0,-1,1,0,0,10,9,1.44,4.75,8,1
0,1,1,1,-1,-1,0,14,-1,1,0,-1,1,-1,0,8,9,1.33,5.5,11,1
1,1,1,-1,-1,-1,1,8,-1,0,0,1,1,1,-1,9,9,2.2,3.4,3.6,0
0,1,0,-1,1,1,0,18,1,-1,0,-1,1,-1,1,10,9,1.62,4,6.5,1
1,0,1,1,0,-1,1,20,-1,-1,0,-1,-1,-1,1,16,9,2.38,3.4,3.2,1
0,1,-1,1,-1,-1,1,4,0,-1,1,1,-1,1,0,11,9,2.9,3.3,2.63,1
1,-1,0,-1,-1,1,1,11,0,1,0,1,-1,1,1,9,9,1.75,3.8,5.25,0
1,1,1,-1,0,-1,-1,19,-1,-1,0,1,-1,0,-1,11,9,1.44,4.75,8,1
1,-1,1,-1,0,1,-1,25,-1,0,1,1,-1,0,-1,20,10,2.3,3.5,3.3,1
1,0,1,-1,1,-1,1,10,-1,-1,-1,1,1,0,-1,17,10,6.5,4.2,1.57,-1
1,0,-1,1,0,1,1,14,-1,1,-1,1,1,-1,-1,4,10,2.15,3.4,3.8,1
1,0,1,1,1,-1,1,19,-1,-1,1,1,1,-1,0,8,10,1.2,7.5,18,1
1,-1,-1,1,-1,0,1,14,0,-1,-1,0,1,-1,-1,20,10,6,4.2,1.62,1
-1,0,1,-1,1,0,1,9,-1,0,1,-1,-1,0,-1,19,10,3.3,3.3,2.4,0
-1,0,1,-1,0,0,1,13,-1,-1,1,-1,-1,1,1,3,10,1.55,4.2,7,1
-1,0,-1,1,-1,-1,0,10,1,1,1,-1,0,1,1,11,10,2.25,3.5,3.4,0
0,0,-1,-1,-1,1,0,12,1,0,1,1,-1,-1,0,11,10,3.4,3.4,2.3,1
0,1,-1,1,1,1,-1,19,-1,-1,1,0,1,1,-1,20,10,2.5,3.4,3,0
-1,-1,1,0,-1,-1,0,14,0,1,1,1,-1,0,-1,12,11,2,3.5,4.2,1
1,1,0,-1,1,1,1,21,0,-1,1,0,0,-1,-1,14,11,1.29,6,12,0
1,-1,1,1,-1,-1,1,4,-1,1,-1,-1,-1,1,0,20,11,6.5,4,1.62,0
0,-1,-1,1,0,1,1,23,0,-1,1,-1,1,-1,1,10,11,1.25,6.5,15,1
1,-1,-1,-1,1,0,1,11,0,1,-1,1,1,0,0,10,11,2.63,3.3,2.9,1
0,-1,1,1,0,1,0,22,0,1,-1,0,-1,-1,-1,14,11,1.62,3.8,7,1
1,1,-1,-1,0,1,-1,20,1,-1,1,0,-1,1,-1,25,11,2.35,3.5,3.2,1
-1,1,-1,-1,1,1,1,7,0,-1,-1,-1,1,-1,-1,19,11,9,5,1.4,1
0,-1,-1,1,1,0,1,12,0,-1,1,-1,0,-1,0,10,11,2,3.4,4.33,0
1,-1,0,-1,-1,1,0,20,1,1,-1,1,0,-1,-1,17,11,1.57,4.33,6.5,-1
1,-1,0,1,-1,1,1,28,1,-1,-1,0,-1,0,-1,22,12,1.62,4.2,6,1
-1,1,1,1,-1,0,0,21,1,1,-1,0,-1,-1,-1,24,12,3,3.4,2.5,0
1,-1,1,-1,1,-1,1,10,1,1,-1,-1,0,-1,0,15,12,3.3,3.3,2.38,-1
-1,1,0,1,1,1,1,14,1,-1,-1,1,1,-1,0,7,12,1.85,3.5,5,-1
-1,1,-1,0,1,1,-1,20,1,1,1,-1,0,-1,-1,11,12,1.8,3.8,4.75,1
1,-1,1,0,1,0,0,13,-1,1,1,-1,-1,-1,-1,7,12,2.15,3.3,3.9,1
-1,1,-1,-1,0,0,1,10,-1,0,1,-1,-1,-1,0,24,12,6,4.2,1.62,-1
-1,-1,-1,1,0,1,1,13,-1,1,1,0,-1,1,-1,21,12,6,4,1.65,0
1,1,1,-1,1,1,1,22,1,0,1,1,-1,0,1,20,12,1.7,4,5.5,1
1,-1,0,0,1,1,0,15,1,-1,0,1,1,0,-1,15,12,2.15,3.4,3.8,0
1,0,-1,-1,0,1,0,16,1,1,-1,-1,-1,-1,-1,8,13,2,3.4,4.33,0
-1,-1,1,0,1,1,0,13,1,0,-1,1,-1,-1,-1,31,13,6.5,4,1.62,-1
1,1,1,-1,0,0,0,24,1,-1,0,-1,0,0,-1,13,13,1.62,4,6.25,1
1,-1,0,1,1,-1,1,23,1,0,0,-1,-1,0,0,15,13,2.05,3.5,4,1
-1,-1,1,0,1,1,1,14,-1,-1,1,1,-1,0,1,7,13,2,3.4,4.33,1
1,-1,-1,0,0,1,-1,13,1,-1,1,-1,1,-1,1,10,13,1.91,3.5,4.6,1
0,-1,1,1,1,0,-1,27,-1,-1,0,-1,0,-1,-1,22,13,1.57,4.2,6.5,1
1,0,1,1,1,1,-1,17,1,-1,0,-1,-1,-1,0,24,13,6.5,4,1.62,1
1,1,-1,1,1,1,1,25,1,-1,-1,0,-1,0,1,15,13,1.29,6,13,1
0,-1,-1,1,0,-1,1,21,1,1,0,-1,1,-1,0,22,13,2.8,3.5,2.63,0
1,-1,-1,1,0,-1,1,10,1,1,0,0,-1,1,-1,13,14,3.25,3.3,2.4,1
0,1,-1,1,1,1,-1,34,0,-1,-1,-1,-1,1,-1,17,14,1.2,7.5,17,1
1,-1,1,-1,1,-1,1,10,1,1,-1,0,1,-1,0,24,14,5.8,3.9,1.67,-1
1,0,1,1,1,0,1,27,1,-1,0,-1,-1,-1,-1,14,14,1.29,6,12,1
-1,0,1,-1,1,0,0,22,-1,-1,1,0,0,0,-1,27,14,1.73,3.75,5.5,-1
1,0,1,0,1,1,1,22,0,1,1,0,-1,0,0,19,14,1.7,3.8,5.75,-1
1,0,1,0,0,1,1,14,1,-1,0,-1,-1,0,1,14,14,2.1,3.4,4,0
-1,1,1,1,1,1,0,8,1,-1,-1,-1,0,1,-1,30,14,6.5,4.33,1.55,-1
1,1,0,1,0,-1,1,18,1,0,-1,-1,1,-1,-1,23,14,2.2,3.5,3.5,1
0,0,1,1,0,0,1,15,-1,1,-1,-1,-1,-1,-1,28,14,6,4.2,1.62,-1
-1,-1,1,0,-1,1,1,13,-1,0,-1,-1,0,1,0,14,15,2.8,3.3,2.75,1
0,1,1,1,0,1,1,30,1,0,0,-1,1,-1,-1,13,15,1.29,6,12,1
0,1,-1,1,0,0,-1,22,0,-1,-1,1,-1,-1,-1,26,15,1.53,4.33,7,-1
0,1,0,1,1,1,-1,23,1,-1,-1,-1,-1,-1,1,29,15,5.25,3.8,1.75,0
0,1,0,0,1,1,0,17,-1,-1,-1,0,1,-1,1,30,15,6.5,4.2,1.57,1
1,1,1,1,1,0,-1,8,1,-1,0,1,-1,0,1,27,15,4.5,3.6,1.91,-1
0,1,1,0,0,1,-1,15,-1,0,-1,-1,-1,-1,-1,17,15,1.8,3.75,5,-1
1,-1,1,1,1,-1,1,35,-1,1,0,0,0,-1,1,28,15,1.7,3.8,5.75,0
-1,1,-1,1,-1,1,-1,13,1,1,0,-1,0,0,1,19,15,2.75,3.3,2.8,1
1,0,1,0,-1,1,1,19,-1,-1,-1,-1,1,-1,-1,18,15,1.75,3.75,5.5,0
0,1,1,0,-1,0,1,17,-1,-1,0,0,-1,1,1,15,16,2.63,3.4,2.88,1
1,1,0,-1,1,-1,1,33,1,-1,0,1,-1,-1,-1,13,16,1.18,8,19,1
-1,0,0,0,1,-1,0,31,-1,1,-1,1,-1,1,-1,13,16,1.36,5,10.5,1
1,1,1,-1,1,1,0,19,-1,0,0,-1,-1,0,-1,18,16,2.3,3.3,3.5,0
1,1,1,1,1,-1,0,32,1,-1,-1,-1,1,-1,0,35,16,1.83,3.75,4.75,1
1,1,-1,1,1,1,-1,27,-1,0,-1,-1,-1,1,0,24,16,2.4,3.4,3.2,0
0,0,1,-1,1,1,1,14,-1,-1,-1,-1,0,1,1,9,16,1.95,3.6,4.33,0
-1,0,1,0,0,-1,1,19,-1,1,-1,0,0,1,1,25,16,5.25,3.8,1.75,-1
0,1,1,1,1,1,-1,18,0,-1,0,1,-1,-1,0,20,16,2.88,3.3,2.7,0
1,0,-1,1,0,-1,-1,27,-1,-1,-1,0,-1,-1,-1,33,16,2.5,3.4,3,-1
1,0,-1,1,1,1,1,13,-1,1,-1,-1,-1,1,0,30,17,3.25,3.4,2.38,-1
-1,1,-1,1,-1,1,1,13,-1,-1,-1,-1,1,0,-1,35,17,9.5,5.25,1.36,-1
1,1,0,1,1,1,-1,36,-1,-1,0,1,0,-1,-1,17,17,1.2,7.5,16,1
-1,1,0,0,-1,-1,-1,28,0,-1,1,-1,-1,-1,0,14,17,1.36,5.25,10,1
0,0,1,1,0,1,0,21,0,-1,0,0,1,-1,1,19,17,2.3,3.25,3.5,1
1,1,1,0,-1,-1,0,10,-1,-1,-1,-1,-1,1,0,19,17,2.05,3.5,4,0
1,0,0,1,-1,-1,1,16,-1,-1,1,-1,-1,0,0,20,17,1.95,3.5,4.5,0
0,1,1,1,-1,0,0,24,0,1,-1,0,1,1,1,30,17,2.55,3.3,3,-1
1,0,-1,1,1,0,0,20,0,0,0,-1,1,0,-1,34,17,3,3.4,2.5,-1
1,1,1,-1,1,0,1,36,-1,0,1,-1,1,-1,-1,34,17,2.38,3.4,3.25,0
1,0,0,-1,1,-1,1,19,0,1,-1,-1,-1,-1,1,16,18,1.91,3.5,4.5,-1
1,0,-1,0,1,1,1,17,-1,-1,-1,1,0,0,1,27,18,3.3,3.3,2.38,-1
0,-1,1,-1,1,1,0,37,0,1,-1,-1,0,0,1,20,18,1.33,5.5,10,1
0,0,1,-1,0,1,-1,34,-1,-1,0,1,1,0,0,13,18,1.36,5.25,9.5,-1
1,-1,1,1,0,0,0,20,-1,0,0,1,1,1,-1,31,18,7,4.2,1.55,-1
1,1,1,-1,0,1,-1,38,-1,0,-1,-1,-1,1,-1,36,18,1.75,4.2,4.6,1
-1,1,1,1,-1,0,-1,33,0,-1,-1,0,-1,0,-1,21,18,1.75,3.8,5.25,1
1,1,1,1,-1,0,0,19,-1,1,-1,1,-1,-1,1,16,18,2.05,3.5,4,-1
-1,1,0,-1,-1,-1,-1,31,0,0,-1,1,1,-1,0,17,18,1.53,4.33,7,0
1,-1,1,1,1,0,1,14,-1,-1,1,-1,0,-1,0,39,18,6.5,4,1.62,-1
0,0,-1,1,-1,1,-1,20,1,-1,-1,0,0,1,-1,21,19,3,3.3,2.55,0
0,-1,0,1,1,1,-1,18,-1,0,1,1,0,0,1,14,19,2.38,3.25,3.4,0
-1,1,1,0,0,0,-1,23,1,-1,1,-1,-1,1,1,16,19,2.05,3.4,4.1,1
1,1,-1,0,1,-1,1,41,1,-1,-1,-1,-1,1,1,16,19,1.13,9.5,29,1
1,1,1,-1,0,0,-1,19,0,0,1,1,1,-1,1,34,19,6.5,4.2,1.57,-1
-1,1,1,1,0,1,-1,15,0,-1,1,1,-1,0,0,18,19,2.38,3.4,3.25,0
-1,1,-1,1,1,0,1,40,0,-1,-1,-1,1,-1,-1,36,19,2.2,3.5,3.5,1
0,1,-1,0,1,-1,-1,37,-1,-1,1,0,0,1,1,27,19,1.83,3.7,4.75,1
1,1,1,-1,0,-1,1,33,-1,1,-1,0,-1,0,1,42,19,4,3.7,2,-1
1,0,-1,-1,-1,-1,0,34,-1,-1,0,-1,0,-1,-1,21,19,1.44,4.33,8,1
-1,1,0,1,0,-1,-1,45,1,0,-1,-1,-1,1,0,18,20,1.29,6,13,1
1,1,1,1,-1,-1,1,17,-1,-1,1,0,0,1,1,20,20,2.38,3.3,3.3,0
1,-1,1,1,-1,-1,1,19,-1,-1,-1,0,-1,1,0,15,20,2.5,3.3,3.1,1
1,1,1,-1,1,1,1,39,-1,-1,0,0,0,1,-1,23,20,1.3,6,11,1
0,-1,-1,-1,1,-1,-1,34,0,1,1,1,1,0,-1,37,20,1.8,3.8,4.75,-1
1,-1,0,0,-1,-1,1,27,-1,1,-1,-1,0,-1,-1,43,20,4,3.5,2.05,-1
1,0,1,0,1,1,1,22,-1,1,0,-1,1,1,-1,38,20,4,3.3,2.1,0
0,-1,-1,0,0,-1,0,14,0,1,-1,1,-1,1,0,23,20,2.15,3.4,3.75,-1
1,1,0,0,-1,1,0,21,-1,1,0,-1,1,-1,-1,44,20,5.75,4.25,1.62,-1
1,-1,-1,1,0,0,0,21,-1,-1,1,0,1,-1,1,33,20,2.6,3.4,2.88,1
0,1,1,1,-1,0,1,18,-1,-1,0,-1,1,0,-1,18,21,2,3.5,4.1,-1
-1,0,1,-1,-1,1,0,41,-1,1,0,0,1,1,0,20,21,1.4,5,9,1
-1,1,1,-1,-1,1,1,19,1,1,0,0,1,0,1,17,21,2.2,3.3,3.75,-1
1,0,0,0,-1,1,1,23,1,-1,-1,0,-1,-1,1,46,21,6.5,4,1.6,-1
-1,-1,-1,1,-1,-1,-1,37,-1,0,0,1,-1,0,1,21,21,1.57,4,7,1
-1,0,0,-1,-1,1,-1,30,1,1,-1,0,0,0,-1,21,21,1.83,3.7,4.75,1
-1,-1,-1,-1,0,1,-1,40,-1,-1,-1,1,1,-1,0,17,21,1.36,5,10,1
1,-1,0,-1,1,-1,1,33,1,0,-1,1,-1,-1,1,47,21,5.25,4,1.7,-1
0,1,0,1,1,1,0,22,-1,-1,1,-1,-1,-1,-1,42,21,5.75,4,1.67,-1
-1,1,-1,1,-1,0,-1,23,-1,0,-1,0,1,1,-1,48,21,6,4.2,1.62,-1
0,1,0,-1,-1,1,-1,51,-1,-1,1,1,-1,-1,1,19,22,1.22,7,15,1
1,1,-1,-1,1,0,1,20,-1,0,-1,-1,-1,0,1,22,22,2.35,3.2,3.5,1
1,-1,1,1,1,1,-1,43,-1,1,-1,1,0,1,1,24,22,1.22,7,15,0
0,1,-1,1,1,-1,-1,50,-1,-1,-1,1,0,-1,1,18,22,1.13,11,23,1
-1,0,0,-1,-1,0,1,23,0,0,0,1,-1,-1,1,23,22,2.4,3.3,3.25,1
-1,0,0,-1,0,-1,-1,18,0,0,1,1,-1,1,-1,31,22,3.2,3.3,2.45,0
1,0,1,-1,0,1,-1,18,1,0,1,-1,1,-1,1,36,22,3,3.4,2.5,-1
1,1,0,1,1,-1,-1,49,1,1,-1,1,1,1,-1,37,22,1.73,3.8,5.5,1
0,0,-1,1,0,-1,1,21,1,1,1,0,-1,1,-1,43,22,3.25,3.4,2.38,-1
-1,1,0,0,0,1,1,22,0,-1,1,1,-1,0,-1,42,22,3.5,3.4,2.25,0
1,-1,-1,1,0,1,1,23,0,0,1,-1,-1,1,-1,23,23,2.5,3.2,3.2,1
-1,1,1,1,1,-1,0,46,-1,1,1,-1,0,-1,0,42,23,1.83,3.9,4.5,1
-1,1,-1,-1,-1,1,1,40,-1,-1,1,0,-1,1,-1,18,23,1.25,6.5,15,1
0,0,-1,-1,0,1,1,24,0,1,-1,1,-1,1,1,37,23,2.7,3.4,2.8,0
0,-1,-1,1,-1,1,0,32,-1,0,1,1,-1,1,-1,52,23,4.33,3.5,1.95,0
0,-1,1,0,-1,1,-1,24,-1,1,1,-1,-1,1,-1,19,23,1.75,3.75,5.25,1
-1,1,-1,0,-1,-1,0,27,-1,0,0,0,-1,-1,0,22,23,2.6,3.3,3,1
1,0,1,1,-1,-1,1,50,0,-1,1,0,-1,1,1,19,23,1.18,8,19,0
0,0,-1,0,-1,-1,0,21,0,-1,-1,-1,0,1,-1,22,23,2.1,3.4,3.9,1
-1,-1,0,1,-1,1,-1,43,-1,1,-1,-1,1,1,-1,53,23,3.75,3.75,2.05,-1
1,-1,0,1,-1,1,1,21,0,1,1,0,-1,-1,0,24,24,2.3,3.4,3.4,1
-1,-1,1,0,1,0,1,45,-1,1,0,1,1,0,-1,27,24,1.53,4.33,7,1
-1,-1,1,1,-1,1,1,19,1,1,-1,1,-1,0,0,35,24,3.6,3.4,2.2,-1
0,-1,1,1,-1,1,1,24,1,0,-1,1,-1,1,1,44,24,4,3.5,2.05,0
-1,1,-1,1,-1,-1,0,37,0,1,0,1,1,0,-1,24,24,1.95,3.5,4.33,-1
1,1,1,0,-1,1,1,25,-1,1,1,1,-1,-1,-1,40,24,7,4,1.57,1
1,-1,0,1,-1,-1,0,22,1,-1,0,1,-1,1,-1,24,24,2.9,3.4,2.6,1
0,-1,-1,1,-1,1,0,55,1,1,-1,0,-1,-1,-1,23,24,1.22,7,16,1
0,0,0,1,1,0,1,23,-1,-1,-1,-1,1,0,-1,47,24,5.75,4.33,1.62,0
-1,1,1,-1,-1,1,-1,53,0,-1,-1,1,1,-1,0,53,24,1.85,3.8,4.5,-1
-1,0,-1,-1,0,1,1,27,1,0,-1,1,1,0,-1,25,25,2.1,3.5,3.8,-1
1,1,-1,-1,1,0,-1,56,-1,1,-1,1,1,0,1,37,25,1.25,6.25,15,1
-1,1,0,1,1,1,1,26,0,0,-1,-1,0,-1,0,23,25,2.6,3.3,3,1
1,1,1,-1,0,1,0,50,1,1,-1,1,-1,0,-1,55,25,2.2,3.6,3.4,1
-1,-1,0,1,1,0,1,25,-1,-1,1,1,-1,1,1,54,25,9,5.5,1.36,0
-1,1,-1,1,0,0,-1,36,-1,-1,0,1,-1,-1,-1,26,25,1.55,4,7.5,0
-1,0,-1,-1,0,1,-1,24,1,-1,-1,1,-1,-1,0,27,25,2.15,3.4,3.8,-1
1,0,-1,1,-1,1,1,27,1,0,-1,1,-1,-1,-1,21,25,1.85,3.6,4.75,1
-1,-1,-1,1,1,1,1,41,1,-1,-1,1,-1,-1,1,20,25,1.2,7,19,0
0,1,-1,1,-1,-1,0,47,1,-1,0,-1,0,-1,-1,45,25,2.1,3.5,3.75,1
0,1,-1,1,1,1,1,22,0,1,1,0,-1,-1,1,28,26,2.5,3.4,3,0
1,1,-1,1,1,0,-1,27,-1,1,-1,0,0,1,0,39,26,3,3.25,2.6,-1
0,1,1,0,1,0,1,24,-1,1,1,-1,0,1,-1,57,26,7.5,4.5,1.5,0
0,1,-1,-1,0,1,-1,28,1,0,-1,-1,0,-1,0,25,26,2.05,3.5,4,1
-1,1,-1,1,0,1,1,56,1,1,-1,-1,-1,-1,0,42,26,2.15,3.5,3.6,0
1,1,-1,1,1,-1,0,20,-1,-1,1,0,-1,0,-1,53,26,8,5.25,1.4,-1
-1,1,-1,-1,0,-1,1,37,-1,1,-1,1,1,0,-1,50,26,3.3,3.5,2.3,-1
1,0,-1,1,1,1,0,27,0,1,-1,1,-1,-1,-1,28,26,2.7,3.25,2.9,0
1,-1,1,0,1,1,0,59,0,1,1,0,-1,1,1,24,27,1.33,5.5,11,1
1,-1,1,1,1,1,0,22,-1,1,-1,-1,0,1,1,30,27,2.75,3.2,2.88,-1
-1,-1,1,0,-1,1,0,60,-1,0,-1,0,-1,-1,-1,45,27,1.57,4,7,1
1,0,1,1,1,1,1,26,1,-1,-1,-1,-1,0,0,45,26,6.5,4,1.6,-1
1,-1,-1,1,-1,-1,0,57,0,1,-1,-1,-1,0,0,27,26,1.18,8,19,1
1,1,0,1,0,1,0,25,-1,1,-1,-1,1,0,1,21,27,1.8,3.9,4.75,0
1,-1,-1,0,1,-1,1,31,1,-1,0,0,1,0,1,39,27,3.2,3.4,2.4,1
1,-1,0,1,0,1,-1,56,1,-1,1,-1,-1,-1,0,28,27,1.3,5.75,12,1
1,-1,-1,0,-1,1,-1,40,1,1,0,-1,-1,1,0,28,27,2.1,3.4,3.9,1
0,1,1,0,1,0,1,28,1,-1,1,1,0,-1,1,50,27,3.8,3.5,2.1,1
0,1,0,1,1,1,1,48,1,1,0,-1,1,-1,-1,31,27,1.53,4.2,7.5,1
-1,1,1,-1,0,-1,0,21,1,-1,0,1,-1,0,-1,63,28,8,4.75,1.45,-1
-1,1,1,0,-1,-1,-1,30,1,1,0,1,-1,1,-1,43,28,2.45,3.2,3.3,-1
1,0,0,-1,0,-1,1,39,1,0,-1,0,-1,1,-1,59,28,3.75,3.75,2.05,-1
-1,1,1,1,0,0,1,30,1,-1,0,-1,-1,0,-1,59,28,5.5,3.8,1.73,1
-1,0,1,1,-1,0,1,31,-1,-1,0,-1,0,-1,-1,28,28,2.1,3.4,3.9,1
1,-1,1,1,1,0,1,29,0,-1,-1,-1,-1,-1,1,27,28,1.85,3.5,5,0
1,-1,-1,0,1,-1,1,53,1,-1,-1,-1,-1,0,1,22,28,1.33,5.25,12,1
1,1,1,1,0,-1,1,25,-1,-1,1,0,1,0,1,21,29,2.35,3.5,3.2,1
1,0,-1,1,0,1,-1,66,1,1,0,-1,1,-1,-1,53,29,1.57,4,7,1
1,1,1,1,1,-1,0,27,0,0,1,0,1,-1,1,42,28,3.9,3.3,2.15,-1
1,0,1,0,1,1,1,29,-1,-1,-1,0,0,-1,-1,31,29,2.25,3.3,3.6,0
1,0,1,0,1,0,0,25,-1,-1,-1,-1,0,0,1,48,28,5,3.6,1.83,-1
0,1,1,-1,0,1,1,34,0,1,-1,0,-1,1,-1,66,29,7,4.33,1.53,1
1,0,1,1,1,1,1,51,-1,-1,-1,0,1,-1,-1,25,28,1.36,5,11,1
1,-1,0,-1,0,-1,1,24,1,0,1,-1,1,-1,1,43,30,2.9,3.4,2.6,1
1,1,0,-1,-1,-1,-1,30,1,1,-1,1,1,0,-1,60,29,6.5,4.33,1.57,-1
0,-1,0,-1,1,-1,-1,45,0,-1,0,-1,-1,-1,0,29,30,1.62,4,6.5,1
1,1,0,0,1,1,0,34,1,0,-1,1,-1,-1,-1,31,30,2.25,3.3,3.6,1
-1,-1,0,1,-1,-1,1,25,-1,-1,-1,-1,1,0,1,28,27,2.15,3.3,3.9,0
-1,1,1,1,0,1,0,29,0,-1,0,-1,0,0,1,28,29,1.95,3.6,4.33,-1
1,1,1,0,0,-1,-1,48,0,-1,0,-1,1,-1,1,62,29,2.5,3.6,2.9,-1
-1,0,1,-1,1,1,1,53,-1,0,-1,-1,0,-1,-1,62,30,3.1,3.4,2.45,-1
1,1,0,-1,1,1,1,25,-1,0,-1,1,-1,1,1,65,31,9.5,5.25,1.36,-1
-1,1,0,1,-1,1,1,69,0,-1,-1,0,-1,-1,1,62,31,1.85,3.6,4.75,1
0,1,1,1,1,1,1,54,-1,-1,-1,0,-1,0,1,29,29,1.67,3.9,6,1
1,0,-1,-1,-1,-1,-1,33,-1,0,-1,0,0,1,1,28,30,2.25,3.3,3.6,1
-1,1,-1,-1,0,1,-1,63,1,0,1,0,1,-1,-1,24,28,1.17,9,17,1
0,-1,1,-1,1,-1,1,46,-1,-1,-1,1,0,1,0,28,30,1.85,3.6,4.75,1
1,0,1,1,1,0,1,32,1,0,-1,1,1,-1,0,25,31,2.2,3.3,3.75,1
0,1,-1,1,1,1,1,31,-1,-1,0,0,1,1,1,51,30,4.5,3.6,1.91,-1
1,1,-1,0,1,1,1,34,-1,0,0,-1,-1,0,-1,37,30,2.2,3.3,3.75,-1
0,1,-1,1,1,1,-1,56,1,0,1,-1,1,1,-1,45,31,2.25,3.4,3.5,1
1,1,0,1,1,-1,1,63,-1,-1,0,-1,0,1,-1,30,31,1.57,4.2,6.5,0
1,0,0,-1,-1,-1,-1,51,-1,1,1,0,-1,1,-1,66,31,3.5,3.6,2.15,-1
-1,1,-1,1,-1,1,1,46,-1,-1,-1,-1,-1,-1,-1,57,31,3.5,3.4,2.25,-1
0,1,-1,1,-1,-1,-1,68,0,-1,1,1,-1,0,-1,25,31,1.17,9,19,1
1,-1,1,1,1,1,-1,34,0,1,1,1,1,1,-1,33,31,2.4,3.3,3.3,1
1,0,1,1,-1,1,0,64,1,1,0,-1,1,-1,1,67,32,3.6,3.5,2.15,0
1,1,-1,0,-1,0,1,31,-1,0,-1,1,-1,-1,-1,69,31,10,4.75,1.4,1
0,0,-1,-1,-1,-1,-1,54,-1,1,0,-1,-1,-1,1,34,32,1.45,4.75,8,1
0,-1,1,-1,-1,1,1,48,-1,1,-1,1,-1,-1,1,46,32,1.75,3.8,5.25,1
0,0,1,1,0,1,-1,40,1,1,1,1,1,-1,-1,33,32,2.15,3.3,3.9,1
1,0,1,0,-1,1,0,33,0,-1,-1,-1,0,-1,-1,32,32,1.73,3.9,5.25,1
0,1,0,0,-1,-1,1,29,-1,0,1,-1,-1,-1,1,26,31,1.83,3.75,4.75,0
0,-1,0,-1,1,1,1,24,-1,-1,-1,-1,-1,-1,1,60,32,5,3.75,1.8,-1
1,-1,1,-1,-1,-1,1,71,-1,1,-1,-1,-1,1,-1,56,32,1.48,4.75,7.5,1
1,-1,-1,1,0,1,1,25,1,-1,-1,-1,-1,1,-1,37,30,2.3,3.3,3.5,-1
-1,0,1,1,1,-1,1,34,1,0,1,-1,-1,-1,1,27,32,2.05,3.5,4,-1
0,-1,1,1,1,-1,0,26,-1,1,0,1,0,-1,-1,34,33,2.45,3.25,3.25,-1
0,1,-1,1,1,1,1,72,0,-1,-1,0,-1,1,-1,40,33,1.29,6,13,1
-1,-1,-1,-1,1,1,1,36,0,-1,0,1,-1,0,-1,33,33,2.75,3.3,2.8,1
-1,0,1,-1,1,-1,0,70,1,-1,1,1,-1,-1,-1,48,31,1.33,5.75,10,1
-1,1,-1,1,1,-1,1,46,0,1,1,1,1,1,-1,57,33,4.2,3.7,1.95,-1
1,1,1,0,1,1,1,32,-1,0,0,1,1,-1,0,32,33,2.4,3.3,3.25,-1
1,1,1,1,1,-1,-1,63,0,-1,-1,1,-1,0,0,64,32,2.5,3.4,3,1
1,1,1,1,-1,1,-1,37,1,-1,1,1,1,-1,-1,74,33,9,5,1.4,-1
-1,1,1,1,-1,1,1,59,1,1,-1,0,-1,-1,1,25,33,1.57,4.2,6.5,1
-1,0,-1,0,1,1,-1,37,0,-1,-1,-1,1,-1,1,34,33,2.15,3.3,3.9,1
0,-1,1,1,1,-1,-1,30,-1,-1,0,-1,-1,-1,1,32,34,2.15,3.5,3.6,1
1,-1,-1,1,1,1,1,48,1,-1,-1,-1,1,0,1,29,34,1.45,4.75,8,-1
1,1,0,1,-1,1,1,43,-1,1,-1,-1,1,-1,1,46,34,2.1,3.4,3.9,1
-1,1,0,1,1,-1,1,25,-1,-1,-1,-1,1,1,-1,66,32,4.75,3.7,1.83,-1
0,0,-1,-1,1,0,-1,33,-1,-1,-1,1,-1,-1,-1,60,33,3.1,3.6,2.38,0
1,-1,-1,-1,1,1,-1,77,0,-1,1,-1,1,0,-1,70,34,2.45,3.7,2.9,1
1,0,-1,1,0,1,1,33,-1,1,-1,-1,-1,-1,-1,75,34,5,3.6,1.83,-1
1,1,-1,1,0,0,1,67,-1,-1,-1,1,-1,1,1,37,34,1.4,5,9,1
1,1,1,-1,-1,1,-1,66,0,1,0,-1,-1,1,-1,40,34,1.4,4.75,10,-1
1,-1,1,-1,0,1,1,71,-1,0,-1,-1,1,-1,1,26,33,1.17,9,17,0
1,1,1,-1,1,-1,1,35,1,1,-1,-1,-1,-1,1,49,34,3.4,3.4,2.1,0
1,1,1,-1,0,-1,-1,30,-1,0,-1,1,-1,-1,-1,44,35,2.38,3.2,3,0
-1,1,1,1,1,1,-1,75,0,-1,-1,1,-1,1,0,29,35,1.18,7,13,-1
-1,1,1,-1,1,-1,1,46,0,1,-1,0,-1,-1,1,36,35,2.63,3.3,2.6,-1
1,1,-1,1,1,1,0,63,1,-1,-1,-1,1,1,-1,30,35,1.5,4.2,6.5,1
1,1,-1,1,-1,-1,1,37,1,0,-1,-1,1,-1,1,43,35,2.2,3.2,3.4,-1
1,1,-1,-1,1,-1,-1,69,1,1,1,1,1,-1,1,57,35,2.4,3.4,2.8,1
-1,-1,-1,1,1,1,1,36,-1,1,-1,0,0,-1,-1,70,34,4.5,3.6,1.8,-1
1,0,1,1,1,-1,1,32,1,1,1,-1,-1,1,-1,80,35,8.5,5,1.33,-1
-1,1,-1,0,1,1,0,74,0,1,1,-1,0,1,0,33,34,1.2,7,11,1
1,1,1,-1,-1,1,1,31,1,1,-1,-1,-1,-1,1,37,36,2.3,3.4,3.4,0
-1,-1,-1,-1,1,-1,1,60,0,-1,-1,-1,1,-1,1,32,35,1.36,5.25,9.5,1
-1,1,1,1,1,-1,0,52,-1,1,1,-1,1,1,-1,69,36,2.8,3.5,2.6,1
0,1,-1,1,1,1,0,44,-1,1,-1,-1,-1,0,-1,66,36,3.2,3.4,2.38,-1
-1,1,0,1,1,-1,-1,39,-1,-1,1,-1,1,-1,0,35,36,1.7,3.75,6,1
-1,-1,1,0,-1,0,1,36,-1,1,-1,1,1,-1,1,37,35,1.91,3.75,4.33,1
0,1,1,-1,1,-1,-1,43,-1,1,0,-1,-1,0,-1,77,36,7.5,5,1.44,-1
-1,-1,1,1,-1,1,-1,80,-1,-1,-1,-1,-1,1,1,78,36,1.67,4.2,5.25,-1
1,1,-1,1,-1,0,-1,32,-1,-1,1,0,1,1,0,30,35,1.91,3.75,4.33,1
-1,1,0,0,1,1,-1,73,-1,-1,1,-1,1,-1,1,46,36,1.29,6,12,1
1,-1,1,-1,1,0,1,38,1,-1,-1,-1,-1,1,0,37,36,2.5,3.3,3.1,1
-1,-1,-1,1,-1,1,1,60,-1,1,-1,1,0,1,-1,35,36,1.36,5.75,8.5,-1
1,-1,1,-1,1,-1,1,49,-1,1,0,1,1,0,-1,30,37,2.05,3.6,3.8,1
1,-1,1,1,1,0,-1,47,-1,-1,1,1,-1,-1,0,31,37,2.3,3.6,3.25,1
1,0,1,1,-1,-1,1,39,-1,-1,-1,-1,1,0,-1,55,37,2.5,3.4,3,-1
-1,1,-1,-1,1,-1,1,40,1,-1,-1,-1,0,-1,1,66,37,4.33,3.75,1.91,1
-1,-1,1,-1,-1,1,1,69,1,0,-1,-1,0,-1,1,80,37,5,4,1.75,-1
1,0,0,1,1,-1,1,76,1,-1,0,1,0,-1,-1,36,37,1.29,6,13,1
1,1,1,1,-1,-1,-1,79,-1,-1,-1,1,-1,1,-1,33,37,1.2,7.5,17,0
1,1,-1,1,-1,-1,-1,44,1,-1,-1,1,-1,1,1,81,37,9,5,1.4,0
-1,-1,1,-1,1,1,-1,63,-1,-1,-1,-1,1,0,-1,37,37,1.36,5.5,9,1
0,1,1,0,1,-1,-1,83,1,-1,1,-1,0,-1,-1,38,37,1.14,9.5,21,1
-1,1,-1,0,-1,1,-1,38,-1,0,1,0,-1,-1,-1,36,37,2.1,3.2,4.2,1
-1,0,-1,-1,0,1,1,30,-1,-1,-1,1,1,1,0,82,38,8,4.75,1.44,-1
1,-1,-1,1,1,0,1,32,-1,1,-1,1,1,1,0,45,38,2.63,3.5,2.8,0
1,1,1,-1,0,1,1,37,1,-1,1,1,-1,-1,1,72,38,4,3.6,2,-1
1,1,-1,1,-1,-1,0,84,1,-1,1,-1,1,-1,-1,49,38,1.22,7.5,13,1
1,1,0,1,-1,-1,1,86,-1,1,1,-1,1,-1,-1,40,38,1.17,9,17,1
1,1,-1,1,-1,1,0,33,0,0,-1,-1,1,-1,-1,79,38,4.5,3.8,1.85,-1
1,1,1,-1,0,1,-1,56,1,-1,1,-1,-1,1,-1,64,38,2.63,3.5,2.8,0
1,-1,0,-1,1,-1,1,38,0,-1,-1,1,1,-1,1,42,38,2.3,3.4,3.4,-1
1,1,1,0,1,-1,1,69,-1,1,-1,0,-1,-1,-1,38,38,1.5,4.5,7.5,1
0,-1,0,1,1,1,1,36,1,-1,-1,-1,0,1,-1,50,38,2.1,3.6,3.75,-1
0,1,0,-1,0,0,1,7,-1,1,1,-1,1,0,-1,13,8,2.1,3.2,3.6,-1
0,-1,-1,1,-1,0,0,13,1,0,-1,-1,0,-1,0,13,8,1.57,3.6,6.5,0
-1,0,0,1,-1,1,1,17,1,0,0,1,0,-1,0,7,8,1.7,3.5,5.25,1
1,-1,1,1,1,0,-1,16,1,0,-1,1,-1,0,-1,17,8,2.6,3.2,2.7,-1
-1,1,0,0,1,1,1,6,1,-1,-1,1,1,-1,-1,10,8,1.95,3.3,4,0
-1,1,0,-1,-1,1,0,17,0,-1,1,-1,0,0,0,4,8,1.73,3.4,5.25,1
1,0,1,-1,1,1,0,6,0,0,0,-1,1,-1,-1,7,8,3.25,3.1,2.3,0
1,0,0,1,0,0,0,11,0,1,1,-1,0,0,1,9,8,2.05,3.25,3.75,1
0,0,0,0,1,0,1,6,1,0,0,-1,-1,-1,1,6,8,1.91,3.25,4.2,0
-1,0,1,1,-1,0,-1,15,1,-1,0,-1,1,-1,0,9,8,1.8,3.4,4.75,0
0,0,-1,0,1,0,1,8,1,-1,-1,-1,0,1,1,17,9,2.1,3.25,3.5,0
-1,-1,1,-1,0,1,-1,14,-1,0,0,-1,-1,-1,0,7,9,2.1,3.2,3.6,0
1,1,-1,-1,1,1,0,11,0,0,-1,-1,-1,1,0,7,9,1.91,3.25,4.2,0
0,1,1,0,1,0,0,16,0,-1,1,-1,-1,0,0,6,9,2,3.2,4,1
1,-1,1,0,0,0,1,5,-1,0,1,0,0,-1,1,8,9,2.2,3.1,3.5,0
-1,-1,1,0,0,-1,1,12,-1,0,1,1,-1,0,-1,17,9,2.4,3.1,3.1,1
1,0,1,-1,1,0,0,10,0,0,-1,0,0,0,-1,12,9,2.4,3.1,3.1,0
-1,-1,1,-1,0,0,0,16,0,-1,-1,1,0,1,0,15,9,1.75,3.4,5,1
0,0,1,-1,1,1,0,8,0,0,0,-1,0,-1,0,7,9,1.44,4,8,0
0,1,-1,1,0,1,-1,20,0,0,-1,1,-1,-1,-1,17,9,2.2,3.25,3.25,1
0,1,0,0,0,1,0,12,1,-1,1,0,0,0,-1,19,10,3.2,3.2,2.3,-1
0,0,1,0,1,0,0,8,1,-1,1,0,-1,1,0,15,10,2.2,3.1,3.5,0
0,-1,0,0,1,-1,0,8,0,-1,1,-1,0,0,0,13,10,2.4,3.1,3.1,-1
0,1,-1,1,1,1,1,20,1,-1,0,0,0,-1,0,5,10,1.33,4.75,10,1
1,1,1,0,-1,-1,0,20,-1,1,1,-1,-1,0,0,11,10,1.44,4,8,1
0,0,1,1,1,0,0,10,0,1,0,-1,0,-1,0,8,10,2.8,3.1,2.6,1
0,-1,-1,1,0,1,1,18,0,-1,1,-1,-1,0,0,9,10,2.8,3.1,2.6,0
0,1,1,1,-1,0,0,7,-1,1,-1,0,-1,1,-1,23,10,6,3.6,1.62,-1
1,1,-1,0,-1,0,1,18,-1,-1,0,-1,0,0,-1,16,10,2,3.2,4,1
1,-1,1,1,0,0,1,9,1,-1,0,0,1,-1,-1,12,10,2.05,3.2,3.75,1
-1,0,1,0,1,0,1,9,0,-1,0,-1,0,0,0,9,11,1.75,3.4,5,0
1,-1,0,1,-1,0,0,15,-1,-1,0,1,1,0,-1,23,11,2.7,3.1,2.7,-1
1,0,1,0,0,1,1,17,1,1,-1,0,-1,-1,0,19,11,2.2,3.1,3.5,0
1,-1,1,1,0,0,0,12,-1,-1,-1,1,0,0,1,7,11,1.3,5,10,1
1,0,0,0,1,0,1,8,0,-1,-1,-1,0,0,-1,10,11,2.4,3,3.2,1
1,0,0,-1,1,1,1,13,1,0,0,-1,1,0,1,9,11,1.95,3.3,4,0
1,-1,1,0,0,0,-1,16,1,-1,-1,0,0,-1,-1,9,11,2.1,3.25,3.5,1
1,0,0,0,1,0,-1,12,-1,1,0,1,0,-1,-1,21,11,2.4,3.2,3,-1
1,-1,0,0,0,1,-1,22,-1,1,-1,-1,-1,-1,-1,20,11,2.3,3.1,3.2,1
-1,1,0,1,-1,1,-1,26,1,1,-1,-1,0,0,-1,11,11,1.25,5.5,12,1
1,1,-1,0,0,-1,1,7,0,-1,0,-1,0,-1,0,12,12,3.6,3.1,2.15,-1
1,0,1,0,0,0,0,12,0,-1,0,0,-1,-1,0,17,12,2.6,3,2.9,1
-1,1,1,0,0,1,1,11,1,-1,-1,0,0,0,-1,15,12,4.2,3.3,1.91,-1
0,0,1,-1,0,-1,0,12,0,0,0,-1,0,1,1,12,12,2.6,3.1,2.8,1
-1,1,1,1,1,1,1,23,1,-1,0,0,0,1,-1,16,12,1.62,3.6,6,1
1,0,-1,-1,0,1,-1,26,0,0,0,-1,0,-1,-1,8,12,1.57,3.75,6.25,1
1,0,1,-1,1,-1,1,29,1,0,-1,1,0,0,1,15,12,1.33,4.5,10.5,1
1,1,1,0,0,1,1,11,0,0,1,-1,-1,-1,0,14,12,2.2,3.2,3.4,0
-1,1,0,1,1,0,0,22,1,0,1,0,-1,-1,1,21,12,2.5,3,3,1
1,1,0,0,1,1,1,10,1,0,0,0,-1,1,-1,23,12,3.2,3.2,2.3,0
0,0,0,1,-1,1,0,24,0,-1,1,0,1,0,-1,13,13,1.36,4.5,9,0
0,0,1,0,-1,-1,1,15,-1,0,-1,-1,0,0,-1,22,13,2.4,3,3.2,1
1,0,1,0,1,0,-1,13,0,-1,1,-1,1,-1,-1,30,13,3.4,3,2.3,0
0,1,-1,0,0,-1,1,18,-1,-1,0,0,-1,-1,1,11,13,1.83,3.25,4.75,1
1,0,0,1,1,0,1,20,-1,1,0,0,1,-1,1,7,13,1.44,4,8,1
1,1,0,0,0,1,-1,18,-1,-1,0,0,-1,-1,0,11,13,1.44,4,8,1
0,0,1,0,1,1,1,11,0,-1,0,0,0,0,-1,12,13,2.3,3.1,3.25,1
0,-1,0,1,1,-1,1,22,-1,0,0,-1,-1,-1,0,11,13,1.8,3.25,5,0
0,-1,1,1,1,0,0,17,-1,-1,-1,-1,-1,-1,-1,23,13,3.2,3.1,2.3,1
1,0,0,0,-1,1,1,17,0,1,1,0,-1,1,-1,27,13,2.5,3.1,2.9,0
1,1,1,1,1,1,1,23,1,0,-1,-1,1,-1,0,25,14,1.8,3.25,5,-1
0,1,1,0,0,1,1,23,0,0,-1,1,-1,0,0,25,14,3,3,2.5,0
-1,0,0,-1,1,-1,1,8,-1,1,0,0,1,-1,-1,19,14,3.2,3,2.4,0
1,0,0,1,1,-1,1,14,0,-1,0,-1,0,1,0,13,14,3.1,3.1,2.4,1
1,-1,0,-1,0,1,0,16,0,0,-1,-1,0,-1,-1,20,14,2.75,3,2.75,1
-1,-1,0,1,-1,1,0,30,-1,0,0,0,-1,1,-1,18,14,2.8,3.1,2.63,1
1,0,0,1,1,0,1,11,0,0,0,1,-1,-1,0,20,14,2.4,3,3.2,-1
1,0,0,0,0,1,1,15,1,-1,-1,-1,0,0,-1,17,14,2.25,3,3.5,1
1,-1,1,-1,1,1,0,30,0,-1,0,-1,-1,-1,-1,14,14,1.3,5,11,-1
0,0,1,1,1,0,0,14,0,-1,0,1,1,-1,-1,15,14,2.25,3.1,3.4,1
1,0,1,0,-1,0,1,16,1,0,0,1,-1,-1,0,19,15,1.91,3.2,4.33,1
0,1,-1,1,0,0,0,28,0,0,0,0,-1,-1,-1,15,15,1.4,4.33,8.5,1
1,0,1,1,1,1,-1,14,0,0,-1,-1,1,-1,-1,17,15,1.8,3.3,4.75,-1
0,1,1,-1,1,0,-1,28,1,0,1,0,-1,0,-1,16,15,1.73,3.5,5,1
1,1,1,0,0,1,1,17,1,0,-1,1,-1,0,-1,33,15,2.7,3.1,2.7,-1
0,0,-1,1,1,0,-1,23,0,0,1,-1,1,-1,0,8,15,1.5,4,7,1
1,1,0,0,1,1,0,26,0,-1,-1,-1,0,0,-1,14,15,2.2,3.1,3.5,1
1,0,-1,-1,1,1,1,15,-1,-1,-1,-1,-1,-1,1,26,15,3.1,3.1,2.4,-1
0,1,1,0,1,1,1,23,0,0,-1,-1,0,-1,1,11,15,1.62,3.6,6,1
0,0,0,1,-1,1,1,21,1,-1,1,-1,-1,0,1,30,15,2.25,3.2,3.2,1
0,0,-1,1,1,0,1,19,0,0,-1,1,-1,-1,-1,24,16,4,3.2,2,-1
0,-1,1,-1,1,0,1,8,-1,1,-1,0,0,0,-1,31,16,6,3.75,1.57,-1
0,0,0,1,1,1,1,16,0,1,-1,-1,0,1,-1,24,16,2.4,3,3.2,0
0,1,1,-1,1,1,-1,18,-1,-1,0,0,-1,-1,1,18,16,2.25,3.2,3.25,0
0,-1,0,1,0,1,1,19,-1,-1,-1,0,0,-1,-1,14,16,2.25,3.1,3.4,1
0,1,-1,1,0,1,-1,36,-1,-1,0,-1,-1,-1,-1,23,16,1.8,3.4,4.6,1
0,1,1,0,1,-1,1,14,-1,-1,1,-1,0,1,-1,28,16,3,3,2.5,1
0,1,0,-1,0,1,1,19,0,-1,-1,-1,-1,1,1,14,16,1.67,3.5,5.5,1
1,1,1,1,1,-1,-1,29,-1,0,0,-1,-1,0,-1,26,16,1.73,3.4,5.25,1
1,-1,1,1,0,-1,1,33,0,1,1,-1,-1,-1,1,15,16,1.5,3.75,7.5,1
0,1,-1,1,1,1,-1,25,-1,0,1,0,-1,-1,-1,20,17,1.73,3.4,5.25,0
1,1,1,1,-1,-1,1,15,1,-1,1,-1,0,-1,1,9,17,1.73,3.3,5.5,0
1,-1,1,0,-1,1,1,29,0,0,-1,-1,-1,-1,0,17,17,1.62,3.6,6,0
1,0,0,1,1,-1,0,18,1,-1,-1,0,1,-1,-1,36,17,4,3.3,1.95,-1
-1,1,1,0,-1,1,0,27,0,1,-1,-1,0,-1,1,19,17,1.8,3.3,4.75,1
0,0,1,1,0,1,1,29,1,0,-1,0,-1,-1,-1,19,17,1.73,3.3,5.5,1
1,1,0,0,1,1,1,17,-1,1,-1,0,-1,1,-1,36,17,2.5,3,3,1
-1,-1,1,1,1,-1,1,18,-1,-1,0,-1,1,-1,-1,14,17,1.95,3.1,4.33,1
-1,1,0,0,0,1,-1,34,-1,-1,1,-1,-1,1,0,18,17,1.29,5,12,1
1,0,1,1,1,1,1,23,-1,-1,-1,-1,1,1,-1,32,17,3,3,2.5,-1
0,1,1,1,1,0,0,20,1,-1,-1,-1,1,-1,-1,18,18,2.1,3,4,1
-1,1,1,0,1,-1,1,19,-1,-1,-1,1,1,-1,0,18,18,2,3.2,4,-1
1,-1,1,1,-1,0,1,18,-1,-1,0,1,-1,0,-1,30,18,2.9,3.1,2.5,-1
1,1,1,-1,-1,1,-1,35,0,-1,0,-1,-1,-1,-1,19,18,1.36,4.33,10,1
1,-1,1,1,1,-1,0,28,0,-1,-1,-1,-1,-1,1,23,18,1.53,3.75,7,1
-1,1,0,1,-1,1,1,37,0,-1,-1,0,-1,-1,-1,30,18,1.83,3.25,4.75,0
1,0,1,-1,1,1,1,17,-1,0,0,-1,-1,-1,-1,17,18,2.3,3,3.4,1
1,-1,1,0,1,-1,0,12,1,-1,0,1,-1,-1,0,29,18,5,3.5,1.73,1
0,-1,0,1,1,1,0,23,0,0,-1,-1,1,0,1,18,18,1.57,3.75,6,1
1,1,0,-1,1,1,-1,37,-1,0,0,0,-1,1,-1,35,18,2.2,3.2,3.4,0
1,1,-1,-1,1,0,-1,18,1,-1,-1,-1,1,0,-1,31,19,4.5,3.3,1.85,-1
1,1,1,-1,1,1,1,19,1,-1,-1,1,0,-1,1,19,19,1.8,3.25,5,0
1,0,1,1,1,1,1,22,-1,0,-1,1,-1,-1,0,37,19,3.2,3,2.38,1
0,0,0,1,-1,1,0,36,0,-1,1,-1,-1,-1,-1,18,19,1.36,4.33,10,0
1,1,1,1,1,-1,1,24,-1,-1,0,-1,1,-1,1,20,19,1.83,3.25,4.75,0
1,0,-1,1,1,0,1,32,1,0,-1,-1,-1,0,-1,23,19,2.2,3.1,3.5,1
0,1,1,-1,0,-1,1,18,1,-1,0,-1,1,0,-1,15,19,1.62,3.6,6,-1
1,0,-1,1,0,1,-1,30,-1,0,1,-1,-1,1,0,40,19,3.5,3.1,2.2,-1
1,1,0,1,1,1,0,31,-1,-1,-1,-1,0,0,-1,21,19,1.85,3.2,4.75,0
0,0,1,1,1,1,1,20,-1,-1,1,1,-1,1,-1,35,19,3.1,3.1,2.4,1
1,0,1,-1,0,1,-1,18,-1,-1,1,-1,-1,-1,0,19,20,2.8,3.1,2.6,1
0,1,1,1,0,1,1,26,0,-1,-1,-1,-1,-1,-1,20,20,1.8,3.3,4.75,1
1,1,1,0,0,1,0,24,-1,1,-1,-1,-1,-1,0,18,20,1.95,3.2,4.2,1
1,0,1,-1,1,-1,0,20,0,1,-1,-1,0,-1,-1,35,20,2.9,3.1,2.5,-1
1,1,-1,0,1,-1,0,22,0,-1,-1,-1,-1,-1,-1,22,20,2.25,3.2,3.25,1
0,1,-1,1,1,0,1,40,-1,1,1,-1,1,-1,-1,35,20,2.7,3.1,2.7,1
1,-1,-1,1,0,-1,-1,19,-1,-1,-1,-1,1,-1,0,25,20,2.5,3.1,2.9,0
0,-1,1,1,-1,0,-1,43,-1,0,-1,-1,-1,0,0,31,20,1.57,3.75,6,1
0,-1,1,0,1,-1,-1,33,-1,-1,1,0,1,-1,1,18,20,1.67,3.5,5.5,1
1,1,1,-1,0,1,-1,34,0,0,-1,1,-1,0,0,36,20,2.2,3.1,3.5,1
1,-1,1,1,1,0,1,19,1,1,-1,0,1,1,0,22,21,2.05,3.1,4,-1
1,1,0,0,1,0,1,24,1,-1,-1,1,0,1,-1,46,21,4,3.2,2,-1
0,1,-1,1,0,0,1,39,1,-1,0,-1,1,1,-1,33,21,1.55,3.75,6.5,1
1,1,1,-1,1,0,0,26,-1,1,0,1,-1,1,-1,19,21,1.7,3.4,5.5,0
-1,-1,1,-1,1,1,1,38,-1,1,0,-1,1,0,-1,22,21,1.36,4.5,9,1
-1,1,1,1,1,0,1,18,-1,1,-1,-1,0,-1,-1,43,21,3,3,2.5,-1
0,1,1,1,0,0,1,34,0,-1,1,-1,1,0,1,20,21,1.8,3.25,5,1
1,1,1,1,1,1,1,23,-1,-1,-1,0,-1,-1,-1,27,21,2.8,3,2.7,0
-1,1,1,0,1,1,-1,35,-1,-1,1,0,-1,1,-1,37,21,2.8,3,2.7,-1
1,1,1,1,1,1,1,20,0,-1,1,0,-1,1,-1,21,21,1.53,3.75,7,-1
1,-1,0,1,-1,1,-1,22,-1,-1,-1,-1,0,-1,1,19,22,2.4,3.1,3.1,0
1,1,0,1,1,1,0,30,-1,-1,-1,0,0,-1,-1,34,22,2,3.1,4.2,1
-1,0,1,-1,0,1,1,22,-1,-1,-1,-1,-1,-1,1,23,22,2.63,3,2.88,-1
-1,1,1,0,1,1,-1,46,-1,0,0,-1,0,-1,1,24,22,1.57,3.6,6.5,1
-1,1,0,-1,-1,0,-1,23,-1,-1,0,-1,-1,1,1,36,22,3.2,3,2.38,0
1,1,-1,0,-1,1,-1,49,-1,-1,-1,-1,-1,-1,0,23,22,1.33,4.75,10,1
1,-1,0,1,-1,1,-1,38,1,-1,1,-1,-1,-1,-1,39,22,2,3.3,3.75,0
-1,1,1,1,0,1,-1,20,-1,-1,1,-1,0,0,0,27,22,2.4,3.2,3,0
0,0,1,0,1,-1,1,25,0,-1,1,0,-1,-1,1,23,23,1.91,3.25,4.33,0
1,-1,1,1,1,1,0,39,-1,1,-1,1,0,1,-1,23,23,1.4,4.2,9,-1
1,1,0,1,1,-1,1,49,1,0,-1,1,-1,1,0,22,23,1.3,5,10,1
1,0,1,1,-1,-1,0,39,1,0,1,-1,1,-1,0,19,23,1.44,4,8,1
1,1,1,1,1,-1,-1,26,-1,0,1,1,0,1,0,23,23,1.8,3.3,4.75,1
1,-1,1,0,0,1,1,39,-1,0,-1,-1,-1,0,-1,33,22,1.62,3.75,5.5,-1
1,1,1,0,1,-1,0,20,-1,1,0,1,-1,1,-1,50,23,4,3.2,2,0
1,1,0,0,1,1,1,34,-1,0,-1,1,1,-1,-1,36,23,2.1,3,4,-1
0,1,-1,1,-1,0,1,23,0,-1,0,-1,1,-1,0,26,24,2.6,3.1,2.8,0
-1,1,-1,0,-1,1,-1,24,-1,-1,-1,-1,-1,0,-1,24,23,2.25,3.1,3.4,0
1,-1,0,1,1,-1,0,26,-1,-1,0,-1,1,0,0,20,24,2.38,3.2,3,1
1,-1,1,0,0,0,0,27,1,-1,0,0,-1,-1,1,42,23,3.25,3.2,2.25,-1
-1,0,1,-1,1,-1,0,39,-1,-1,-1,-1,1,1,-1,27,23,1.44,4,8,0
0,-1,-1,0,-1,0,1,23,-1,0,0,-1,-1,-1,1,37,24,2.5,3.2,2.8,-1
0,-1,1,-1,1,0,1,20,-1,-1,-1,0,-1,1,0,21,23,2.4,3.1,3.1,0
0,1,1,1,0,1,-1,36,1,-1,-1,-1,-1,0,1,39,24,2.5,3.1,2.9,1
-1,0,-1,1,-1,1,0,51,-1,0,-1,-1,1,-1,-1,50,24,1.8,3.3,4.75,0
0,1,-1,-1,1,1,-1,39,0,-1,-1,1,1,0,-1,39,23,2.3,3.1,3.25,1
1,-1,0,-1,1,-1,0,27,-1,-1,0,-1,1,0,0,21,24,2.1,3.25,3.5,1
-1,1,-1,1,0,1,0,20,-1,0,0,-1,-1,1,1,45,24,5,3.5,1.73,-1
1,-1,-1,1,1,-1,1,42,1,-1,0,0,0,0,1,27,24,2,3.2,4,1
1,-1,1,-1,0,1,0,26,1,0,-1,-1,1,0,-1,26,25,2.3,3.25,3.1,1
1,0,1,-1,0,0,1,22,1,1,-1,-1,1,-1,-1,43,25,2.63,3.1,2.75,0
1,1,1,1,0,1,0,27,1,1,0,1,0,-1,1,23,24,2.1,3.25,3.5,1
1,1,1,1,0,-1,1,40,0,1,-1,1,-1,0,0,52,25,2.3,3.25,3.1,0
0,1,1,-1,1,1,0,53,-1,-1,-1,0,-1,1,-1,36,25,1.91,3.3,4.2,1
1,0,1,-1,0,0,1,23,1,0,1,-1,1,0,-1,27,25,2.05,3.2,3.75,1
1,1,1,-1,-1,1,0,30,-1,0,0,0,0,1,-1,27,25,2,3.2,4,1
1,0,1,-1,1,0,0,29,0,-1,1,-1,1,0,0,39,25,4,3.2,2,1
1,1,-1,-1,0,1,1,40,0,0,-1,-1,1,1,1,46,25,2.6,3.1,2.8,0
0,0,1,1,1,-1,-1,40,-1,1,-1,0,-1,0,1,20,25,1.53,3.8,6.5,1
1,1,0,1,-1,1,1,36,0,-1,1,0,0,-1,-1,26,26,1.57,3.6,6.5,-1
0,1,1,-1,0,1,1,27,-1,-1,1,-1,-1,0,-1,54,26,3.8,3.2,2.05,0
0,1,1,-1,-1,-1,0,47,0,-1,1,0,0,-1,0,23,26,1.4,4.2,9,0
1,-1,1,-1,0,0,1,39,0,-1,-1,-1,1,1,-1,43,25,1.57,3.6,6.5,-1
-1,0,-1,0,1,-1,1,26,-1,-1,-1,0,1,-1,0,40,26,3.6,3.2,2.1,1
-1,1,0,1,0,-1,1,21,-1,-1,1,1,-1,0,-1,31,26,2.9,3.1,2.5,0
-1,1,1,-1,1,1,0,43,-1,-1,-1,0,-1,0,-1,30,26,1.62,3.6,6,-1
0,-1,1,-1,0,1,1,28,0,-1,1,-1,0,0,-1,30,26,2.1,3.1,3.75,0
0,0,0,0,-1,1,1,27,-1,1,1,0,-1,-1,0,43,26,2.63,3.1,2.75,-1
-1,1,-1,1,0,0,0,55,1,-1,1,0,-1,0,-1,26,26,1.25,5.5,12,1
1,1,0,1,0,1,-1,33,1,-1,1,0,0,-1,1,39,26,3.25,3.2,2.25,1
1,-1,0,1,0,1,1,29,-1,1,0,0,-1,1,-1,39,27,4,3.2,2,1
1,-1,1,0,0,1,0,30,-1,0,-1,1,-1,-1,1,39,27,3,3,2.5,-1
1,0,1,0,1,-1,1,33,-1,0,-1,0,1,-1,0,24,27,1.83,3.4,4.5,-1
1,1,0,-1,1,0,1,43,-1,-1,1,1,1,0,0,47,27,2.5,3.1,2.9,1
1,-1,0,0,1,1,-1,27,0,1,0,-1,1,-1,-1,27,27,2,3.2,4,0
1,1,1,-1,-1,1,-1,44,0,0,0,1,-1,-1,1,28,27,1.73,3.25,5.5,0
1,-1,-1,1,0,1,0,31,-1,-1,1,-1,-1,0,1,46,27,2.2,3.1,3.5,-1
1,1,-1,0,1,1,0,27,-1,1,-1,0,0,0,-1,58,27,4.5,3.4,1.83,-1
1,-1,1,1,0,1,0,57,1,-1,1,0,-1,-1,0,28,27,1.5,4.2,6.5,1
-1,-1,0,1,1,0,-1,44,-1,1,0,0,-1,0,0,24,27,1.57,3.5,7,0
-1,0,0,1,0,0,0,24,0,-1,0,-1,1,-1,1,36,28,2.25,3.1,3.4,-1
0,1,-1,1,1,-1,-1,40,1,0,-1,0,-1,-1,-1,30,28,1.4,4.2,9,0
1,-1,0,1,1,0,1,29,1,-1,0,0,0,-1,1,59,28,4.5,3.5,1.8,0
0,0,-1,1,1,-1,0,31,1,-1,0,0,-1,0,1,30,28,2,3.1,4.2,1
-1,0,0,1,-1,1,1,39,-1,1,0,-1,-1,0,1,30,28,1.4,4.5,8,-1
-1,0,1,-1,1,1,0,30,1,-1,-1,0,-1,0,-1,57,28,3.4,3.2,2.2,1
1,-1,1,1,0,-1,-1,46,-1,0,1,-1,0,-1,-1,46,28,2.6,3,2.88,-1
1,-1,-1,-1,0,0,1,50,1,1,-1,0,-1,0,1,31,28,1.57,3.6,6.5,1
-1,0,1,1,0,-1,0,44,-1,-1,1,1,-1,1,0,47,28,2,3.2,4,-1
0,1,0,-1,1,0,-1,27,1,0,0,-1,-1,1,0,27,28,2.38,3,3.25,1
0,1,0,1,1,1,0,31,0,1,-1,-1,1,0,-1,32,29,2.6,3.1,2.8,0
1,0,0,1,0,-1,1,30,0,-1,1,-1,-1,0,-1,33,29,2.2,3,3.6,-1
1,0,1,-1,1,-1,-1,36,1,1,1,0,0,-1,-1,53,29,3.75,3.3,2,-1
0,-1,1,0,1,1,-1,49,-1,0,1,-1,0,1,-1,27,29,1.33,4.75,9.5,1
1,1,0,1,0,1,1,60,1,-1,-1,0,1,1,1,46,29,1.73,3.5,5,1
0,0,1,1,-1,0,1,28,0,0,-1,1,-1,-1,1,40,29,3.1,3.1,2.4,0
-1,1,0,1,0,-1,1,34,0,-1,-1,0,1,0,1,44,29,2.5,3.1,2.9,1
-1,0,1,1,0,-1,-1,33,1,0,-1,-1,0,-1,0,29,29,2.3,3.2,3.1,1
1,0,0,0,1,-1,0,60,-1,1,-1,-1,1,1,0,41,29,1.67,3.5,5.5,0
1,-1,-1,1,-1,0,-1,50,0,0,-1,0,0,0,1,24,29,1.73,3.5,5,1
0,1,0,0,0,-1,1,27,-1,0,-1,0,1,-1,-1,34,30,2.4,2.88,3.3,1
-1,1,1,-1,-1,0,0,42,0,-1,-1,0,1,1,-1,34,30,1.57,3.6,6.5,0
-1,1,1,-1,0,1,0,32,0,-1,1,-1,1,1,1,39,30,1.91,3.25,4.33,-1
1,-1,1,1,0,1,-1,36,0,0,0,-1,1,0,0,60,30,4.2,3.25,1.91,1
0,-1,1,0,-1,1,1,30,0,0,-1,0,1,-1,1,30,30,2,3.1,4.2,1
1,1,0,-1,-1,-1,1,46,0,-1,-1,1,0,-1,0,31,30,1.8,3.25,5,-1
0,1,1,0,1,0,1,30,-1,0,-1,-1,-1,0,0,32,30,1.83,3.4,4.5,0
-1,-1,0,0,1,1,-1,56,1,1,-1,1,0,1,-1,50,30,1.73,3.4,5.25,1
1,1,0,-1,0,-1,1,45,1,-1,0,-1,-1,1,-1,50,30,2.5,3,3,0
0,1,1,1,0,0,0,33,-1,0,1,1,1,-1,1,47,31,3,3,2.5,0
0,1,0,-1,1,-1,1,33,1,0,0,-1,-1,1,-1,56,31,5,3.25,1.8,1
1,1,0,-1,-1,1,0,34,1,-1,-1,0,-1,1,-1,39,31,2.3,3.1,3.25,-1
1,-1,1,-1,-1,-1,-1,39,-1,0,1,0,1,-1,0,48,31,2.75,3.2,2.6,-1
1,0,1,1,-1,1,0,53,-1,0,0,0,1,-1,-1,27,31,1.4,4.5,8,1
1,0,1,0,1,1,1,63,1,-1,0,1,-1,-1,-1,30,30,1.45,4.2,7.5,1
0,1,0,-1,1,1,1,37,1,-1,1,0,1,-1,-1,50,31,2.55,3.1,2.88,1
1,1,0,1,0,1,0,33,-1,-1,1,1,0,0,0,42,31,3,3,2.5,1
1,1,-1,0,1,0,-1,34,-1,-1,1,0,-1,0,1,32,31,2.2,3,3.6,1
0,0,1,-1,0,0,1,63,0,-1,1,-1,-1,1,0,40,31,1.83,3.4,4.5,1
1,-1,1,1,-1,0,1,40,0,-1,0,-1,-1,-1,-1,66,31,3,3.25,2.4,-1
0,0,0,-1,1,1,1,28,0,-1,1,0,0,-1,-1,64,32,3.5,3.25,2.1,0
0,0,1,1,-1,1,1,59,-1,-1,-1,0,0,0,0,33,32,1.3,5,11,1
1,-1,0,1,0,-1,1,35,-1,0,-1,-1,-1,-1,1,66,32,3.75,3.1,2.1,1
1,1,0,1,-1,1,-1,40,-1,1,1,0,0,0,-1,43,32,2.63,3,2.88,0
1,0,-1,1,1,1,1,33,-1,0,1,1,-1,0,1,34,32,1.95,3.3,4,1
0,-1,-1,-1,1,-1,0,50,-1,0,1,-1,1,-1,-1,33,32,1.75,3.2,5.5,1
1,0,-1,1,1,1,1,37,1,-1,1,1,1,1,1,42,32,2,3.1,4.2,-1
0,-1,0,-1,1,0,-1,51,-1,1,0,-1,0,1,-1,34,32,1.67,3.4,6,1
-1,1,1,-1,0,1,-1,41,-1,0,-1,0,-1,0,-1,34,32,1.7,3.5,5.25,0
1,-1,0,-1,1,1,1,53,0,-1,-1,1,-1,0,-1,53,32,2.63,3,2.88,1
-1,-1,0,0,0,1,0,46,-1,-1,1,0,-1,1,0,41,33,2.4,3.1,3.1,1
0,-1,1,-1,1,1,1,33,1,0,1,-1,0,1,-1,54,33,3.1,3.1,2.38,-1
0,1,0,1,0,1,0,34,1,1,1,-1,1,0,-1,53,33,2.6,3,2.88,-1
0,-1,-1,1,0,-1,1,34,0,-1,-1,1,-1,-1,-1,62,33,5,3.5,1.73,-1
1,-1,-1,-1,-1,-1,-1,45,1,0,1,-1,-1,-1,-1,53,33,2.5,3.1,2.9,1
0,1,1,1,1,-1,1,69,0,1,-1,-1,-1,-1,1,37,33,1.44,4.2,7.5,1
-1,0,1,0,-1,1,1,37,0,0,1,-1,-1,-1,0,28,33,2,3.25,3.9,1
1,1,0,0,0,0,1,34,-1,0,-1,1,-1,1,0,41,33,2.5,3,3,0
1,1,-1,1,0,1,1,56,1,0,-1,0,1,-1,-1,35,33,1.44,4.33,7,1
1,-1,0,0,1,1,0,67,0,1,-1,-1,-1,-1,-1,33,33,1.36,4.5,9.5,1
0,1,0,-1,1,1,1,38,-1,1,0,-1,1,0,-1,41,34,2.38,3.2,3,1
0,-1,1,1,1,1,1,53,-1,-1,-1,-1,1,-1,-1,72,34,2.7,3.1,2.7,-1
0,-1,1,1,1,0,1,31,1,-1,1,-1,-1,-1,1,33,34,2.1,3.1,3.75,1
1,1,-1,1,1,1,-1,65,1,0,0,-1,-1,0,-1,67,34,2.2,3.3,3.25,1
0,1,-1,1,-1,0,0,42,-1,0,-1,0,-1,0,1,35,34,2,3.3,3.75,0
0,-1,1,0,-1,1,-1,57,-1,0,0,0,0,-1,0,34,34,1.5,4,7,1
-1,1,1,1,1,1,1,33,1,0,0,0,-1,0,-1,49,34,2.5,3.1,2.9,-1
-1,-1,1,-1,0,1,-1,56,1,1,-1,0,1,-1,1,34,34,1.62,3.6,6,1
-1,1,1,1,1,-1,1,40,0,-1,0,1,-1,-1,-1,37,34,2,3.2,4,1
1,1,1,-1,1,1,-1,73,1,1,1,1,1,1,-1,46,35,1.36,4.33,9.5,0
0,0,0,0,1,0,1,37,-1,-1,-1,-1,-1,-1,1,33,35,2.25,3.2,3.25,1
0,0,0,1,0,1,-1,52,1,-1,0,1,-1,1,-1,57,35,2.3,3.1,3.3,1
1,-1,1,1,1,-1,1,34,1,-1,-1,-1,-1,-1,1,54,35,2.88,3,2.6,0
0,1,0,1,0,-1,0,38,-1,0,1,-1,-1,-1,-1,38,35,2.3,3.1,3.25,1
1,-1,1,0,1,1,1,59,-1,-1,-1,-1,1,-1,-1,40,34,1.53,3.75,7,1
-1,0,1,-1,0,1,1,44,-1,1,-1,1,0,0,0,42,35,1.73,3.5,5,1
1,0,-1,1,1,1,1,37,-1,1,-1,-1,-1,1,-1,68,35,4.75,3.3,1.8,-1
0,0,1,1,0,1,1,70,1,-1,1,0,-1,1,-1,56,35,1.67,3.6,5.25,1
-1,1,0,-1,1,-1,1,34,1,-1,-1,-1,0,-1,-1,34,35,2.3,3.1,3.3,-1
-1,-1,-1,-1,-1,1,0,49,0,0,0,-1,0,-1,-1,37,35,2,3.3,3.8,1
-1,1,0,1,1,1,1,60,1,-1,-1,-1,1,-1,0,35,35,1.4,4.33,8.5,0
1,1,1,-1,1,1,1,40,0,-1,-1,0,-1,-1,-1,73,36,4.2,3.6,1.83,-1
1,1,1,0,1,1,-1,34,0,0,-1,0,-1,1,-1,55,36,2.4,3.2,3,-1
-1,1,1,1,-1,1,-1,71,-1,0,-1,0,1,0,-1,38,36,1.33,4.75,10,1
0,-1,1,1,1,1,1,39,-1,0,1,-1,1,-1,1,35,36,1.83,3.4,4.5,0
1,0,-1,1,-1,1,1,57,-1,-1,1,-1,-1,1,0,76,36,2.5,3,3,-1
1,1,1,1,1,-1,1,36,1,-1,1,0,0,0,-1,42,36,2.2,3.2,3.4,1
1,-1,0,1,-1,1,1,57,0,-1,1,0,-1,-1,-1,45,36,2.1,3.4,3.4,0
1,1,1,1,1,-1,0,55,0,1,-1,-1,-1,-1,1,38,36,1.67,3.6,5.25,0
-1,-1,-1,-1,1,0,1,49,-1,0,-1,-1,-1,-1,0,63,36,3.25,3.3,2.2,-1
0,0,1,0,1,1,1,38,0,-1,-1,-1,-1,0,1,64,37,3.25,3.25,2.25,0
0,1,0,1,-1,1,-1,58,1,-1,-1,-1,-1,-1,0,39,37,1.73,3.5,5,1
1,1,1,-1,1,0,0,38,-1,-1,1,-1,-1,-1,1,40,37,2.1,3.1,3.75,1
0,1,0,-1,0,1,1,38,-1,-1,-1,-1,1,-1,-1,39,37,2.25,3.1,3.4,-1
0,-1,1,-1,1,-1,0,36,-1,-1,-1,-1,1,0,0,56,37,2.55,3.1,2.88,0
1,-1,0,1,1,1,0,48,-1,-1,0,-1,-1,1,1,34,37,1.85,3.4,4.33,1
1,-1,1,1,-1,0,-1,79,-1,-1,-1,1,-1,1,-1,71,37,2.38,3.3,2.9,1
1,-1,0,0,0,1,1,45,1,0,-1,1,-1,-1,0,57,37,2.8,3.1,2.6,1
-1,1,1,1,1,-1,0,39,1,1,1,-1,0,-1,1,50,37,2,3.3,3.75,0
1,1,0,1,1,1,-1,76,0,1,-1,1,-1,-1,1,57,37,1.57,3.8,6,1
1,0,1,1,-1,-1,1,34,1,-1,-1,1,0,1,-1,82,38,7,3.75,1.53,-1
-1,-1,1,0,1,-1,0,50,-1,-1,1,-1,0,0,-1,41,38,2.5,3.25,2.8,-1
1,1,-1,1,-1,1,1,74,1,0,0,0,-1,-1,-1,45,38,1.33,4.75,9.5,1
1,1,1,1,1,0,1,39,-1,0,-1,-1,-1,1,-1,79,38,4.5,3.75,1.75,-1
1,1,1,1,0,-1,0,64,-1,-1,-1,-1,1,0,0,42,38,1.8,3.5,4.5,-1
-1,1,-1,1,1,-1,1,60,1,-1,1,-1,1,0,0,36,38,1.73,3.6,4.75,1
1,1,1,-1,1,1,-1,42,1,0,-1,-1,-1,0,-1,48,38,2.2,3.2,3.4,1
0,1,-1,1,1,0,1,57,-1,0,-1,1,-1,1,-1,61,38,2.4,3.3,2.9,-1
1,1,1,-1,0,0,0,56,0,-1,0,-1,-1,-1,0,41,38,2.3,3.25,3.1,-1
1,-1,1,1,1,-1,1,43,-1,0,1,0,-1,-1,1,38,38,2.1,3.2,3.6,1
-1,1,1,-1,-1,0,0,11,-1,0,1,-1,1,-1,1,4,8,1.62,3.5,6.5,1
-1,1,1,-1,1,-1,0,10,1,-1,0,-1,0,-1,1,2,8,1.75,3.4,5,1
-1,0,0,-1,0,0,1,10,1,0,-1,-1,-1,0,-1,11,8,1.4,4.33,8.5,1
0,1,-1,-1,1,0,-1,8,1,-1,0,-1,-1,-1,0,8,8,1.67,3.5,5.5,-1
-1,1,1,0,1,1,0,14,1,0,0,0,-1,0,0,8,8,2.2,3.1,3.5,1
-1,1,1,-1,-1,1,1,6,1,-1,-1,-1,1,0,-1,10,8,3.1,3.1,2.38,-1
0,1,-1,0,1,0,-1,13,1,0,-1,-1,0,-1,-1,12,8,1.83,3.25,4.75,0
1,1,1,1,1,1,1,10,1,-1,0,0,0,0,1,14,8,3.75,3,2.15,0
0,1,0,1,-1,0,0,14,1,-1,0,-1,-1,0,1,15,8,2.8,3.1,2.6,0
-1,1,-1,1,-1,1,1,19,0,0,0,1,-1,1,-1,16,8,3,3.2,2.4,0
1,0,0,0,0,-1,0,15,0,0,1,0,0,-1,-1,11,9,2.25,3,3.5,0
1,0,1,1,1,0,-1,8,-1,1,0,-1,0,1,0,16,9,2.63,3.1,2.8,-1
0,-1,1,-1,1,-1,1,5,-1,-1,1,1,-1,-1,1,7,9,1.91,3.2,4.33,0
0,0,0,1,0,0,1,9,-1,-1,1,1,0,0,-1,12,9,2.8,3.1,2.6,0
0,0,-1,1,-1,1,0,19,-1,-1,0,-1,-1,0,-1,14,9,1.2,6.5,13,1
1,1,1,-1,0,1,-1,13,-1,1,1,-1,0,1,1,8,9,2.2,3.25,3.3,1
0,1,1,0,1,1,0,15,-1,0,-1,1,0,0,0,14,9,2.1,3.2,3.6,1
0,1,1,1,0,1,1,12,-1,-1,1,-1,1,0,-1,11,9,2.3,3.2,3.2,0
1,0,1,1,0,-1,0,18,-1,-1,-1,-1,-1,-1,0,10,9,1.33,5,9,1
1,0,1,0,1,-1,1,5,-1,1,-1,1,-1,-1,0,19,9,5,3.5,1.73,1
1,-1,-1,0,0,1,0,15,-1,-1,1,0,-1,1,-1,13,10,2.05,3.1,4,1
0,-1,0,0,1,1,0,14,-1,-1,0,-1,-1,0,-1,15,10,1.57,3.6,6.5,1
-1,-1,1,0,-1,-1,1,11,0,0,-1,0,0,-1,0,9,10,1.7,3.5,5.25,1
-1,1,-1,1,-1,1,0,5,0,1,-1,1,-1,0,-1,22,10,7.5,3.75,1.5,-1
1,0,1,1,0,1,1,15,0,-1,0,-1,1,-1,-1,6,10,1.75,3.4,5,0
-1,0,1,0,-1,0,-1,19,-1,-1,-1,-1,-1,0,-1,10,10,1.5,3.75,7.5,1
1,-1,1,-1,0,1,0,14,0,0,0,0,1,0,0,15,10,2.8,3.1,2.6,1
0,1,-1,0,0,0,1,15,-1,-1,-1,0,-1,-1,0,13,10,1.75,3.4,5,0
1,1,1,1,0,1,1,13,-1,1,0,0,0,-1,0,15,11,3.1,3.1,2.4,1
0,1,1,1,0,-1,-1,8,1,0,0,-1,-1,0,-1,17,10,3.6,3.2,2.1,-1
0,1,0,0,1,0,1,12,-1,1,-1,1,-1,0,1,5,11,2,3.2,4,1
-1,1,-1,1,0,1,-1,22,1,1,0,0,-1,0,-1,18,11,1.44,4.2,7.5,-1
1,-1,0,1,-1,1,1,16,0,-1,-1,0,-1,-1,0,15,11,1.62,3.6,6,1
1,0,1,-1,1,1,0,7,1,-1,0,1,1,-1,-1,12,11,3.5,3.2,2.15,0
1,0,1,1,0,1,1,18,-1,1,1,-1,-1,1,0,7,11,1.57,3.75,6,1
1,1,0,1,1,0,0,13,1,-1,1,-1,-1,0,-1,22,11,3.6,3.2,2.1,-1
0,0,0,-1,0,0,1,18,0,-1,0,1,0,1,-1,19,11,2.1,3.2,3.6,1
0,1,1,0,-1,0,1,21,1,-1,1,0,-1,0,-1,14,10,1.53,4,6,1
-1,-1,1,1,-1,0,1,10,-1,-1,-1,0,1,1,1,8,11,2.5,3.2,2.88,1
-1,1,-1,1,0,-1,1,5,1,0,-1,1,-1,-1,-1,19,12,3.25,3.1,2.3,-1
1,-1,0,1,0,1,1,14,0,-1,-1,0,-1,-1,-1,21,12,2.3,3.4,3,-1
0,0,1,1,0,1,-1,20,-1,-1,-1,0,-1,-1,-1,13,12,1.33,4.75,10,1
1,1,0,1,1,0,1,15,-1,-1,0,1,1,1,-1,11,12,2.2,3.1,3.5,-1
-1,0,0,1,0,1,-1,21,0,-1,1,-1,-1,0,0,7,12,1.4,4.33,8.5,1
1,0,-1,0,-1,1,1,19,-1,0,-1,-1,0,0,1,16,12,1.57,3.6,6.5,-1
-1,0,0,0,1,0,1,15,0,0,1,0,0,-1,-1,21,12,2.4,3.1,3.1,-1
1,-1,1,1,0,1,-1,23,-1,0,0,-1,0,-1,-1,13,11,1.4,4.33,8.5,0
1,0,-1,-1,1,1,0,13,-1,1,-1,0,-1,1,1,23,12,3.25,3.25,2.25,0
-1,1,1,-1,0,1,1,11,-1,-1,0,1,0,-1,-1,22,12,4.5,3.4,1.83,0
0,0,0,1,0,1,-1,18,0,-1,-1,0,-1,1,-1,20,13,3.1,3.1,2.4,1
0,1,1,0,0,-1,-1,16,-1,-1,1,0,-1,-1,0,14,13,1.83,3.25,4.75,-1
1,1,0,1,1,1,1,16,1,0,-1,0,-1,-1,1,14,13,2.5,3.1,2.9,1
1,0,-1,-1,-1,1,-1,12,0,0,-1,0,-1,1,-1,22,13,3.6,3.2,2.1,0
-1,1,0,1,-1,-1,0,23,0,-1,1,-1,-1,-1,1,22,13,1.55,3.8,6.5,-1
1,-1,1,1,0,0,1,8,-1,1,-1,0,1,-1,1,6,13,2.38,3,3.25,0
1,1,0,1,1,1,-1,22,0,1,1,-1,-1,0,0,14,13,2.1,3.25,3.6,0
0,-1,0,0,1,1,-1,24,1,-1,-1,0,-1,1,0,23,13,2.3,3.1,3.25,1
1,0,-1,0,1,1,0,25,-1,0,-1,-1,0,-1,1,15,12,1.4,4.33,8.5,1
0,0,1,0,1,1,0,16,0,1,0,1,-1,-1,1,19,13,2.63,3,2.88,1
0,1,0,1,-1,1,0,25,-1,0,-1,-1,-1,1,0,22,14,1.8,3.5,4.5,1
0,1,0,1,1,-1,1,17,0,0,-1,0,-1,1,-1,18,14,2.4,3.3,2.9,1
-1,1,0,-1,1,-1,0,7,-1,-1,0,0,1,1,1,17,14,2.3,3.1,3.3,0
1,0,1,-1,-1,0,-1,26,1,-1,-1,0,0,-1,0,8,14,1.18,6.5,15,1
0,1,1,0,1,-1,1,16,-1,0,-1,-1,-1,-1,-1,17,14,2.1,3.1,3.75,0
1,-1,1,1,1,-1,-1,22,0,1,1,1,-1,1,0,15,14,1.67,3.6,5.5,-1
1,-1,0,1,1,0,-1,14,0,-1,0,-1,-1,0,-1,19,14,2.38,3.1,3.1,-1
1,1,0,1,-1,0,1,26,-1,-1,0,-1,1,-1,-1,20,13,2.3,3.1,3.3,1
-1,-1,1,1,0,0,0,17,1,0,0,-1,-1,1,-1,24,14,2.4,3,3.2,1
-1,0,-1,1,1,-1,1,22,0,1,0,-1,-1,0,-1,25,14,2.5,3.1,2.9,1
1,0,1,-1,0,1,1,26,1,0,-1,-1,0,-1,-1,28,14,2.2,3.2,3.4,-1
1,0,0,-1,-1,-1,0,18,-1,0,-1,1,-1,0,-1,26,15,3.1,3.1,2.4,0
0,0,1,1,-1,1,1,25,1,0,-1,-1,0,1,1,15,15,1.44,4.2,7.5,0
-1,-1,-1,1,-1,0,-1,16,-1,0,1,-1,1,0,0,8,15,2.1,3.2,3.6,0
1,0,1,-1,1,1,1,21,-1,0,-1,-1,1,-1,-1,18,15,1.4,4.5,8,0
0,1,1,0,1,1,-1,31,1,-1,-1,0,0,0,-1,17,15,1.83,3.4,4.5,1
1,0,1,1,0,1,-1,22,0,-1,1,1,0,1,-1,26,15,4.75,3.4,1.8,1
0,1,1,1,-1,0,1,25,-1,-1,0,-1,1,-1,0,16,15,1.62,3.75,5.5,1
0,1,1,1,1,1,0,17,0,-1,1,0,-1,-1,1,29,15,3.25,3.2,2.25,-1
0,1,0,1,-1,1,1,21,0,1,-1,-1,1,-1,-1,22,15,2.4,3.2,3,1
1,1,0,0,1,0,1,8,1,-1,-1,-1,1,1,1,25,15,3.6,3.2,2.1,-1
-1,1,1,-1,1,1,1,23,0,-1,-1,1,-1,-1,0,19,16,1.65,3.6,5.5,0
1,1,0,0,0,1,1,20,0,0,1,1,1,0,0,18,16,1.62,3.6,6,1
0,-1,1,-1,0,0,0,9,-1,-1,-1,1,0,-1,-1,26,16,2.8,3.1,2.6,0
1,-1,-1,0,-1,1,1,29,1,1,-1,1,0,1,0,16,16,1.22,6,13,1
1,1,1,-1,-1,-1,-1,26,-1,-1,-1,-1,-1,0,1,18,16,1.62,3.5,6.5,0
0,1,1,0,-1,-1,0,16,0,-1,1,-1,-1,-1,0,22,16,4.2,3.2,1.95,0
1,0,0,1,0,1,-1,9,0,-1,-1,0,-1,1,-1,23,16,2.8,3,2.7,0
1,-1,0,1,1,-1,-1,29,-1,0,-1,1,-1,-1,-1,24,16,1.62,3.6,6,-1
1,0,1,-1,1,0,1,17,0,-1,-1,1,-1,-1,0,26,16,3.4,3.1,2.25,0
0,1,-1,1,0,1,0,26,-1,-1,0,-1,-1,1,-1,34,16,2.05,3.2,3.75,-1
1,-1,1,1,1,0,0,25,-1,-1,1,-1,-1,-1,0,23,17,1.73,3.4,5.25,1
1,1,0,1,-1,1,0,26,-1,-1,1,1,1,1,0,26,17,2.3,3.1,3.25,1
1,1,-1,0,1,1,0,26,1,1,0,1,-1,-1,-1,32,17,4.33,3.5,1.83,-1
0,-1,-1,-1,0,0,1,21,0,-1,1,-1,0,-1,0,17,17,1.8,3.3,4.75,1
1,1,-1,1,1,0,0,19,1,0,-1,-1,1,1,1,32,17,3.5,3.2,2.15,-1
1,1,1,1,0,-1,0,18,-1,0,0,0,-1,-1,-1,23,17,3,3,2.5,-1
-1,1,-1,0,-1,0,1,19,0,0,-1,0,-1,1,0,9,17,1.83,3.4,4.5,1
0,1,-1,1,1,1,-1,27,-1,-1,0,1,1,0,0,16,17,1.67,3.5,5.5,1
1,0,1,1,-1,1,-1,35,1,-1,1,0,0,0,0,10,17,1.4,4.5,8,0
1,1,-1,1,1,0,0,27,-1,1,-1,0,-1,0,1,27,17,2,3.2,4,0
1,-1,-1,-1,-1,0,1,29,-1,1,0,-1,-1,0,1,26,18,2,3.3,3.8,1
0,0,0,1,1,1,-1,26,-1,1,-1,-1,0,0,1,19,18,1.62,3.75,5.5,1
1,0,1,-1,1,0,1,29,-1,1,0,1,0,-1,-1,19,18,1.91,3.3,4.2,1
1,-1,1,0,1,0,1,18,1,-1,-1,-1,0,0,-1,26,18,4.75,3.25,1.83,0
1,0,-1,-1,0,0,1,16,-1,-1,-1,0,1,0,1,21,18,2.2,3.1,3.5,-1
1,-1,1,1,1,0,1,23,0,-1,-1,1,1,1,1,35,18,2.63,3.1,2.75,-1
0,1,0,1,-1,0,1,12,1,1,1,0,0,-1,-1,21,18,2.4,3.1,3.1,1
1,-1,0,0,0,0,0,11,-1,1,-1,-1,0,0,0,28,18,3.3,3.2,2.25,0
-1,0,-1,1,1,1,-1,35,0,-1,-1,1,-1,1,0,35,18,1.62,3.75,5.5,1
-1,1,0,1,0,-1,0,27,-1,1,-1,-1,-1,1,-1,30,18,1.73,3.3,5.5,-1
1,1,0,-1,0,-1,-1,21,0,1,-1,-1,-1,1,-1,38,19,7.5,4.1,1.44,-1
-1,-1,0,0,1,1,1,21,1,1,1,1,0,-1,-1,32,19,2.88,3,2.63,-1
-1,1,1,0,0,-1,1,22,1,0,0,0,0,0,0,11,19,2.5,3.1,2.9,1
-1,1,1,0,0,0,0,29,-1,0,-1,1,0,-1,-1,13,19,1.4,4.33,8.5,0
1,1,1,0,0,1,0,29,0,0,-1,-1,-1,1,-1,26,19,2,3.2,4,1
-1,1,1,1,-1,1,-1,31,1,-1,0,-1,0,-1,0,19,19,1.5,3.75,7.5,0
1,1,-1,1,-1,0,1,38,0,-1,1,-1,0,-1,-1,29,19,1.62,3.6,6,1
1,1,-1,-1,-1,-1,-1,38,-1,0,-1,0,1,0,1,27,19,1.83,3.4,4.5,1
-1,1,1,1,0,1,-1,26,0,1,1,0,0,-1,1,16,19,1.62,3.5,6.5,1
-1,0,1,1,0,-1,1,29,1,0,1,0,-1,-1,-1,19,19,1.8,3.5,4.5,1
-1,1,1,1,-1,1,-1,39,1,0,0,-1,-1,-1,1,22,20,1.14,7.5,17,0
0,1,0,-1,0,-1,1,28,-1,-1,-1,0,-1,1,-1,27,20,2,3.2,4,0
0,-1,0,1,1,1,1,19,-1,0,1,0,1,1,1,24,20,1.83,3.4,4.5,-1
0,1,1,1,-1,1,1,29,-1,-1,-1,1,-1,1,0,31,20,1.85,3.4,4.33,1
0,0,0,0,0,0,1,12,-1,-1,0,0,-1,0,-1,30,20,4,3.2,2,0
-1,-1,-1,0,1,1,-1,32,-1,-1,0,0,0,0,0,32,20,2.3,3.1,3.3,-1
0,1,-1,0,1,1,0,13,-1,1,-1,1,0,-1,-1,41,20,4.33,3.25,1.91,-1
1,-1,1,0,1,1,1,32,0,-1,-1,0,1,-1,-1,29,20,2,3.3,3.75,1
1,0,1,0,1,0,0,19,-1,-1,0,0,1,-1,-1,25,20,2.25,3.1,3.4,-1
-1,-1,0,0,1,-1,1,19,-1,1,1,1,1,1,-1,38,20,4.75,3.25,1.83,1
-1,1,-1,0,1,1,-1,42,1,0,-1,-1,-1,-1,1,20,21,1.36,4.75,8.5,0
0,0,1,1,1,-1,0,23,-1,-1,0,1,-1,-1,-1,30,21,2.6,3.1,2.8,0
0,-1,0,-1,-1,-1,-1,24,-1,0,1,0,1,-1,0,31,21,3.4,3.2,2.2,-1
1,1,-1,1,-1,0,1,34,-1,1,0,-1,-1,0,1,13,21,1.57,3.75,6,1
-1,-1,-1,-1,-1,1,1,41,-1,-1,-1,1,-1,-1,-1,29,21,1.85,3.4,4.33,1
-1,0,0,1,-1,1,1,22,0,-1,0,-1,0,0,1,19,21,2.1,3.25,3.5,1
1,1,0,1,-1,1,0,30,0,0,0,0,0,-1,0,12,21,1.57,3.8,6,1
1,0,0,-1,1,1,-1,25,1,1,0,-1,-1,1,1,35,21,3,3.2,2.4,-1
1,0,0,0,0,0,-1,32,-1,-1,-1,1,-1,1,0,42,21,4,3.2,2,-1
1,0,0,1,0,1,0,30,1,-1,0,-1,-1,-1,-1,35,21,1.67,3.5,5.5,-1
1,0,-1,1,1,1,0,30,-1,1,0,-1,-1,1,0,45,22,3.1,3.2,2.3,-1
0,1,1,1,1,-1,0,21,0,-1,-1,-1,1,0,0,24,22,2,3.2,4,0
1,1,-1,1,1,1,1,32,0,0,-1,1,-1,-1,-1,22,22,1.44,4,8,1
0,0,0,0,1,0,1,15,-1,1,-1,1,0,-1,-1,34,22,2.63,3,2.88,1
1,0,1,0,0,-1,1,20,-1,0,-1,1,-1,0,-1,31,22,3.2,3,2.38,0
-1,0,1,1,-1,-1,-1,36,1,1,1,1,-1,-1,-1,42,22,2.6,3.1,2.8,0
-1,0,1,1,0,-1,1,16,1,0,1,1,1,1,1,24,22,2,3.2,4,1
1,0,1,1,1,1,-1,35,0,0,0,0,0,1,1,35,22,2.38,3,3.2,-1
1,1,-1,1,-1,0,-1,45,0,0,-1,0,-1,0,1,30,22,1.5,4,7,1
0,-1,0,-1,1,0,-1,34,0,0,1,-1,-1,1,1,25,22,1.53,3.8,6.5,1
0,1,-1,1,0,1,0,31,-1,1,-1,1,0,1,-1,48,23,5,3.25,1.8,-1
0,-1,1,1,-1,-1,1,26,-1,-1,-1,-1,1,0,0,22,23,2.75,3.1,2.63,0
0,0,0,0,-1,-1,-1,38,0,1,-1,-1,-1,0,1,30,23,1.75,3.4,5,1
0,-1,-1,-1,-1,-1,1,24,0,-1,-1,-1,-1,1,1,38,23,3.4,3,2.3,-1
0,1,0,1,0,-1,1,31,0,-1,-1,0,1,-1,-1,17,23,1.4,4.5,8,0
-1,1,-1,0,1,1,1,35,0,-1,-1,1,1,1,0,37,23,2.4,3.2,3,0
0,1,-1,1,1,1,1,22,1,0,1,-1,0,1,-1,37,23,3.6,3.1,2.15,-1
1,1,1,-1,0,0,0,27,1,0,-1,-1,1,0,1,45,23,3.75,3.3,2,1
-1,-1,-1,1,1,1,0,42,0,0,0,-1,0,-1,-1,18,23,1.44,4.2,7.5,-1
1,-1,1,1,1,1,1,35,0,-1,0,0,1,-1,0,20,23,1.44,4.1,8,1
-1,1,-1,0,-1,1,-1,51,1,-1,-1,1,1,-1,0,26,24,1.17,7,15,1
1,1,-1,0,0,0,1,30,0,0,0,1,1,1,-1,38,24,3.2,3,2.4,1
0,0,1,0,1,1,-1,18,-1,0,0,1,-1,0,-1,23,24,1.91,3.3,4.2,-1
1,1,1,1,-1,-1,-1,39,-1,1,0,-1,-1,-1,0,36,24,2,3.2,4,0
0,-1,1,0,-1,1,-1,40,1,-1,-1,-1,-1,-1,-1,35,24,2,3.2,4,1
1,1,0,-1,1,1,0,18,-1,1,-1,-1,-1,-1,1,23,24,1.95,3.2,4.2,0
-1,1,1,1,0,-1,1,33,1,1,1,1,1,-1,1,24,24,1.62,3.75,5.5,1
1,1,1,-1,0,0,0,23,1,1,-1,-1,-1,0,1,43,24,3.5,3.2,2.15,0
0,1,1,-1,0,-1,1,45,-1,0,-1,0,1,-1,0,34,24,2,3.3,3.8,-1
1,1,-1,-1,-1,0,0,40,-1,1,-1,0,-1,0,1,31,24,2.1,3.2,3.6,1
0,1,0,-1,1,0,-1,37,-1,1,1,1,0,0,-1,40,25,1.91,3.2,4.5,1
1,1,-1,-1,1,0,1,26,-1,-1,-1,1,1,1,0,42,25,2.5,3.1,2.9,-1
-1,-1,-1,-1,1,-1,1,25,-1,1,0,0,0,-1,-1,31,25,2.5,3,3,0
-1,0,1,1,1,0,0,39,-1,-1,1,0,0,0,0,23,25,1.83,3.4,4.5,1
-1,1,1,1,0,-1,0,46,-1,-1,-1,0,1,-1,-1,33,25,1.57,3.8,6,1
1,1,1,1,1,1,1,38,0,-1,0,-1,-1,1,1,18,25,1.5,4,7,1
-1,1,0,1,0,-1,1,32,-1,0,1,-1,-1,0,0,19,25,1.73,3.5,5,0
0,0,-1,-1,-1,1,1,38,-1,-1,1,0,1,-1,1,48,25,2.3,3,3.4,-1
0,0,-1,1,0,1,-1,24,1,-1,0,1,-1,1,-1,41,25,4,3.1,2.05,0
-1,1,1,1,1,-1,0,26,-1,1,0,1,-1,1,-1,51,25,7.5,4.2,1.44,1
1,1,-1,-1,-1,0,-1,45,0,1,-1,0,-1,1,0,24,26,1.62,3.6,6,1
-1,0,0,0,1,1,0,31,-1,0,1,-1,0,1,-1,40,26,3.5,3.1,2.2,-1
1,-1,0,0,0,0,1,23,-1,-1,-1,-1,-1,-1,-1,41,26,2.9,3.1,2.5,-1
1,0,1,1,-1,-1,1,18,-1,0,1,-1,1,-1,0,44,26,3.5,3.1,2.2,-1
-1,-1,-1,0,0,1,1,41,-1,-1,-1,-1,1,0,-1,27,26,1.62,3.6,6,0
0,-1,1,1,0,0,0,20,-1,1,1,-1,0,-1,1,27,26,2,3.25,3.9,0
1,1,0,-1,1,1,1,34,-1,0,-1,0,1,-1,0,33,26,2.3,3.1,3.3,0
0,-1,-1,-1,1,1,-1,38,1,1,1,-1,1,-1,0,28,26,1.44,4,8,-1
1,-1,0,-1,1,-1,-1,51,0,-1,-1,-1,0,0,-1,39,26,1.67,3.5,5.5,1
-1,0,-1,1,-1,1,1,54,-1,-1,-1,0,1,0,-1,46,26,1.5,3.8,7.5,1
1,1,1,1,1,1,-1,44,1,1,0,0,-1,-1,0,41,27,2,3.2,4,1
-1,-1,1,0,1,-1,0,30,0,0,0,-1,-1,0,1,31,27,2.25,3.2,3.3,1
1,1,1,0,0,1,1,40,-1,0,1,-1,-1,-1,0,35,27,1.91,3.2,4.33,0
-1,1,0,1,-1,0,1,27,0,1,-1,1,-1,-1,-1,54,27,7,4,1.5,1
1,1,1,-1,0,1,0,27,0,-1,-1,1,1,-1,1,21,27,2.05,3.2,3.8,-1
0,-1,1,-1,1,0,-1,47,-1,1,1,1,0,1,-1,45,27,1.75,3.4,5,1
0,1,0,-1,1,0,0,34,1,0,0,0,0,-1,1,24,27,1.8,3.4,4.75,0
-1,-1,1,-1,1,0,-1,29,1,0,1,-1,1,1,-1,52,27,4.5,3.3,1.85,0
0,-1,1,0,-1,1,-1,43,1,1,1,-1,-1,1,1,38,27,1.91,3.1,4.6,1
1,1,0,-1,0,1,1,49,1,-1,-1,0,0,0,0,20,27,1.44,4.1,8,1
-1,0,0,1,1,0,1,42,1,-1,1,-1,0,1,-1,48,28,2.75,3.2,2.6,0
0,0,1,1,0,-1,1,34,-1,-1,0,0,-1,-1,0,40,28,2.88,3,2.63,1
-1,1,-1,1,0,-1,0,29,-1,0,1,-1,0,0,0,37,28,2.88,3,2.6,-1
0,0,0,0,1,-1,0,27,-1,-1,1,0,-1,0,1,27,28,2.1,3.2,3.6,1
-1,1,-1,1,1,1,1,57,-1,-1,1,1,-1,1,1,21,28,1.18,6.5,15,1
1,1,0,0,0,0,1,23,-1,0,-1,1,0,-1,-1,27,28,2.05,3.2,3.75,1
0,-1,1,1,1,0,0,35,1,-1,0,1,-1,1,-1,46,28,3.4,3.2,2.2,-1
-1,-1,1,1,-1,-1,1,41,1,-1,0,-1,1,0,-1,30,28,1.44,4,8,1
0,-1,1,-1,-1,1,0,53,-1,0,1,0,-1,-1,-1,50,28,2.15,3.3,3.4,0
-1,-1,-1,0,-1,1,1,48,-1,-1,-1,-1,-1,1,-1,44,28,2.5,3.1,2.9,1
0,-1,0,1,1,1,0,51,0,-1,-1,0,1,-1,-1,35,29,1.44,4,8,0
1,0,1,-1,0,1,1,33,1,-1,1,1,-1,0,0,53,29,4,3.2,2,1
1,0,-1,1,-1,1,-1,46,0,0,0,-1,1,0,-1,30,29,1.44,4.1,8,-1
1,0,0,1,1,0,1,43,-1,1,-1,0,1,0,1,29,29,1.62,3.6,6,1
1,1,1,1,-1,1,1,45,-1,0,0,0,0,-1,-1,24,29,1.45,4,8,0
0,1,-1,0,1,1,1,30,0,0,-1,-1,0,-1,0,42,29,2.88,3,2.63,1
1,-1,0,1,0,-1,1,28,1,-1,-1,-1,0,0,1,36,29,2.4,3.1,3.1,0
1,-1,-1,1,-1,-1,1,24,1,1,0,1,-1,-1,-1,48,29,2.9,3,2.6,1
1,-1,1,0,-1,1,0,49,-1,1,-1,-1,-1,-1,-1,58,29,3,3,2.5,0
0,-1,1,0,0,0,-1,38,1,-1,-1,1,1,-1,-1,42,29,2.4,3,3.2,0
-1,1,1,1,1,1,0,61,-1,-1,-1,1,-1,-1,0,45,30,1.57,3.8,6,1
1,1,0,-1,1,1,0,35,1,-1,0,0,0,1,0,41,30,2.7,2.9,2.88,-1
1,1,-1,-1,1,1,0,43,0,0,-1,-1,0,-1,-1,44,30,1.85,3.2,4.75,0
0,0,1,-1,0,1,-1,31,-1,1,0,-1,-1,-1,-1,31,30,2,3.1,4.2,0
0,1,1,0,1,0,1,42,1,1,-1,1,1,-1,-1,27,30,1.73,3.5,5,-1
0,0,0,0,1,1,0,25,1,-1,0,1,-1,0,0,50,30,3.75,3.25,2.05,0
1,1,1,0,0,-1,0,36,0,-1,1,0,-1,-1,-1,36,30,1.91,3.2,4.5,-1
-1,1,0,-1,0,-1,1,29,0,1,-1,1,-1,1,1,49,30,4.75,3.3,1.8,-1
1,-1,-1,1,0,0,1,53,1,0,-1,0,1,-1,0,31,30,1.5,4,7,-1
-1,0,-1,1,1,1,1,48,1,0,-1,-1,-1,0,0,54,30,2.8,3,2.7,-1
0,1,1,1,0,0,-1,57,-1,1,1,-1,-1,0,0,43,31,1.85,3.3,4.5,1
1,-1,0,1,1,1,-1,39,-1,0,1,0,1,-1,1,29,31,1.85,3.3,4.5,1
1,1,-1,1,1,0,1,48,-1,-1,0,0,1,0,1,36,31,1.57,3.6,6.5,1
-1,1,-1,-1,1,1,-1,30,0,0,0,-1,-1,0,0,25,31,2.05,3.2,3.75,1
1,1,0,1,0,1,-1,42,-1,-1,-1,-1,-1,0,-1,64,31,3.3,3.2,2.25,-1
0,1,0,-1,1,0,-1,32,-1,0,1,-1,-1,0,1,36,31,2.05,3.2,3.8,0
1,0,0,0,-1,0,-1,41,0,1,-1,-1,-1,-1,1,51,31,2,3.2,4,-1
-1,1,-1,1,-1,-1,-1,52,0,-1,-1,0,-1,-1,0,44,31,1.67,3.5,5.5,1
-1,0,1,1,1,1,0,34,1,1,-1,0,0,-1,1,53,31,3.8,3.3,2,1
1,0,-1,1,0,0,0,53,0,-1,1,0,-1,1,0,31,31,1.45,4.1,7.5,1
1,0,0,-1,0,-1,1,37,0,1,-1,0,0,0,-1,54,32,4,3.3,1.95,0
0,-1,1,1,0,-1,0,37,-1,1,1,-1,-1,1,-1,31,32,2.25,3.1,3.4,0
-1,-1,1,1,0,0,1,46,-1,1,-1,-1,0,-1,-1,48,32,2.25,3.1,3.4,1
0,-1,0,-1,1,-1,1,29,0,-1,-1,-1,-1,0,-1,37,32,2.5,3.1,2.9,-1
1,-1,0,1,-1,0,1,34,-1,0,-1,0,-1,1,1,42,32,2.5,3.1,2.9,1
1,1,0,1,1,0,1,47,1,0,-1,-1,-1,1,-1,39,32,1.95,3.3,4,1
0,0,1,1,0,0,1,25,-1,-1,-1,-1,0,-1,1,67,32,5.5,3.8,1.62,-1
1,-1,1,-1,-1,-1,1,53,-1,-1,-1,0,0,1,-1,58,32,2,3.2,4,0
-1,1,0,0,1,-1,1,56,0,0,0,1,0,1,1,41,32,1.91,3.3,4.2,1
-1,1,1,1,1,-1,-1,54,-1,0,1,-1,0,1,0,32,32,1.83,3.2,5,1
-1,1,1,0,1,1,1,48,-1,0,0,-1,1,-1,-1,59,33,2.3,3.25,3.1,-1
1,1,0,0,-1,1,0,61,1,0,1,-1,1,-1,1,29,33,1.36,4.5,9,1
0,1,1,1,-1,1,1,39,1,-1,1,1,1,-1,0,56,33,3.4,3.2,2.2,-1
-1,-1,1,1,-1,1,0,34,1,0,-1,1,0,-1,-1,34,33,2.15,3.1,3.6,1
1,1,1,0,1,-1,-1,70,-1,-1,-1,-1,1,1,-1,54,33,1.45,4,8,1
1,1,1,1,0,1,-1,37,0,0,1,0,1,-1,0,40,33,2.2,3.1,3.5,-1
0,-1,1,0,-1,0,1,33,1,-1,-1,0,0,-1,-1,47,33,3,3,2.5,0
0,0,-1,0,-1,-1,1,41,-1,0,-1,-1,0,-1,-1,50,33,2,3.3,3.75,-1
0,1,0,1,-1,-1,1,42,0,-1,-1,0,0,-1,1,28,33,1.83,3.4,4.5,-1
-1,1,0,0,0,1,0,57,1,-1,-1,0,1,0,0,37,33,1.44,4.1,8,1
1,-1,-1,-1,1,0,-1,57,1,-1,0,1,0,-1,0,34,34,1.33,4.75,9.5,0
1,1,0,-1,0,0,1,40,-1,-1,0,-1,-1,-1,1,48,34,3.1,3.1,2.4,1
1,1,1,-1,1,1,-1,40,0,1,0,1,1,-1,1,42,34,2.55,3.1,2.88,0
1,1,0,0,1,1,0,48,-1,-1,-1,0,-1,1,1,38,34,1.67,3.5,5.5,0
0,-1,1,-1,1,-1,1,29,-1,0,-1,1,1,-1,1,45,34,2.8,3,2.7,-1
0,1,1,0,1,1,-1,50,-1,0,0,1,-1,0,-1,64,34,3.1,3.1,2.4,-1
0,-1,0,-1,1,0,-1,41,1,-1,-1,1,-1,0,-1,35,34,2.25,3.1,3.4,0
0,1,-1,0,1,1,1,34,-1,-1,0,-1,1,1,-1,73,34,4.75,3.75,1.7,-1
0,0,1,-1,1,1,-1,60,-1,0,0,0,-1,0,-1,58,34,2.3,3.1,3.3,0
1,1,1,-1,-1,1,1,57,-1,-1,0,0,-1,1,1,28,34,1.8,3.3,5,1
0,0,0,1,0,1,0,59,-1,0,0,-1,-1,0,0,49,35,1.53,3.8,6.5,0
0,0,-1,1,0,1,-1,67,-1,-1,1,-1,-1,1,0,40,35,1.53,4,6,1
1,0,1,1,1,-1,1,51,1,-1,1,-1,1,-1,1,29,35,1.45,4.2,7.5,1
1,1,0,1,-1,-1,0,39,-1,0,1,0,0,-1,-1,41,35,2.2,3,3.5,0
1,0,-1,0,1,0,0,37,-1,-1,0,-1,-1,1,1,50,35,2,3.2,4,1
-1,0,-1,-1,1,-1,0,45,1,1,1,-1,0,1,0,57,35,3.75,3.4,2,1
1,0,0,1,-1,-1,1,31,-1,1,0,-1,-1,-1,1,34,35,2.38,3.2,3,1
1,1,-1,1,0,1,0,35,0,-1,1,-1,-1,1,0,63,35,2.8,3.1,2.6,-1
1,0,1,-1,-1,1,-1,74,1,0,1,-1,0,1,0,42,35,1.2,6.5,12,0
0,1,-1,-1,1,-1,-1,45,-1,-1,1,1,-1,-1,-1,60,35,2.6,3.1,2.8,-1
-1,-1,1,0,-1,0,1,60,-1,0,-1,1,1,0,0,39,36,1.36,4.5,9.5,1
0,-1,0,0,1,1,0,41,0,0,-1,1,1,-1,-1,34,36,2.25,3.1,3.4,-1
1,-1,1,1,-1,0,1,43,0,-1,-1,-1,1,-1,-1,51,36,2.3,3.1,3.25,1
0,0,1,1,0,0,0,52,-1,1,-1,0,-1,0,1,35,36,2.2,3.1,3.5,1
1,-1,1,-1,1,-1,1,29,0,1,0,-1,0,0,-1,40,36,2.7,3.1,2.7,-1
0,-1,1,0,1,-1,1,70,0,1,1,-1,1,0,-1,45,36,1.73,3.4,5.25,1
0,-1,1,0,-1,0,0,45,-1,1,1,-1,1,1,1,45,36,2.15,3.1,3.6,1
-1,0,1,1,1,-1,1,37,-1,1,1,-1,-1,-1,1,60,36,2.55,3.1,2.88,1
1,0,1,1,-1,-1,1,53,0,0,-1,0,-1,0,0,59,36,3.6,3.25,2.1,1
1,-1,1,1,-1,0,-1,63,0,-1,1,1,-1,1,0,77,36,3.4,3.25,2.15,-1
0,1,1,1,-1,1,1,40,1,-1,0,1,0,0,-1,45,37,1.67,3.75,5,1
1,1,1,-1,1,1,1,52,1,-1,0,1,0,-1,-1,61,37,3.75,3.5,1.95,0
-1,1,0,1,0,-1,1,35,1,-1,-1,1,0,-1,-1,46,37,1.6,3.75,6,-1
1,-1,-1,1,-1,0,-1,80,1,-1,1,-1,1,-1,1,29,37,1.14,7.5,19,1
0,1,-1,-1,0,0,1,42,0,-1,-1,1,1,-1,-1,53,37,2.05,3.2,3.8,1
-1,-1,1,-1,-1,-1,1,46,1,0,0,-1,-1,0,1,42,37,2.38,3.2,3,0
-1,0,1,0,0,1,-1,40,1,1,-1,1,0,-1,-1,48,37,2.1,3.1,3.8,-1
0,1,0,1,0,0,1,62,1,-1,0,-1,1,-1,-1,70,37,1.8,3.6,4.33,1
0,1,-1,-1,1,1,-1,37,0,-1,-1,0,0,0,-1,52,37,2,3.4,3.7,1
-1,-1,1,1,1,-1,1,61,1,-1,-1,1,0,1,1,64,37,2.5,3.1,2.9,0
0,0,1,1,0,-1,0,42,1,-1,-1,-1,1,-1,0,64,38,3.5,3.3,2.1,-1
1,1,-1,0,1,1,-1,47,0,-1,0,0,-1,1,1,41,38,3,2.4,2.88,0
1,1,0,0,0,1,1,55,-1,-1,-1,1,-1,-1,-1,40,38,1.95,3.3,4,1
1,-1,1,-1,1,-1,1,29,-1,0,-1,0,1,-1,1,38,38,2.6,3.1,2.8,-1
1,0,-1,0,1,1,0,62,-1,0,-1,0,0,-1,-1,63,38,1.91,3.4,4,0
1,1,-1,-1,1,1,1,53,1,1,-1,1,0,1,-1,83,38,4.33,3.4,1.85,-1
1,1,-1,0,-1,-1,0,67,1,-1,1,1,1,-1,0,46,38,1.33,5,9,1
1,0,1,-1,1,1,1,71,-1,1,1,0,0,-1,-1,43,38,1.57,3.8,6,0
-1,1,-1,0,1,1,-1,51,-1,-1,1,-1,-1,-1,0,52,38,2.38,3.1,3.1,1
1,0,-1,0,0,1,1,48,-1,1,1,-1,-1,1,-1,37,38,2.63,3.5,2.5,1
